数据下载时间：2021-07-01 13:41:30 功能：看店宝【https://kandianbao.com/】 宝贝评价信息分析 相关查询网址：https://kandianbao.com/item/pingjia/44882239796/,,,,,,,
序号,评价用户,sku,评价类型,评价内容,追评,掌柜回评,评价时间
1,g**g,,好评,商品质量不错，外观很漂亮，物流很快，比较满意的一次购物体验。,-,-,2021-06-19
2,喜**1,,好评,真是太棒了，爽。热喝冷喝都一级棒。肯定会回购了,-,-,2021-06-16
3,凌**儿,,好评,发货快，包装完好。买五送一，凉水易溶。酸酸甜甜孩子很喜欢喝。 ,-,-,2021-06-21
4,h**9,,好评,味道一如既往的纯正，已多次回购,-,-,2021-06-21
5,k**8,,好评,溶解难易：融水容易 包装品质：完好无损 外观品相：二次购买 口感味道：比较喜欢 ,-,-,2021-06-15
6,酷**旺,,好评,可以，很好喝，美中不足的就是每次倒的量把握不准 ,-,-,2021-06-26
7,逝**福,,好评,好喝，可以直接用凉水泡，方便！ ,-,-,2021-06-21
8,s**2,,好评,易溶解！味道好！包装很好！下次还会来买。 ,-,-,2021-06-21
9,上**n,,好评,酸酸甜甜的 酸梅粉 ，孩子们喜欢喝 ！ ,-,-,2021-06-23
10,全**g,,好评,酸酸甜甜的，冰一会才好喝，要放多一点才有味道 ,-,-,2021-06-24
11,爱**涛,,好评,非常好喝    味道太毕了,-,-,2021-06-23
12,江**9,,好评,酸梅汤口感有点淡，价格挺便宜的，给个好评吧,-,-,2021-06-24
13,t**9,,好评,酸梅汤的味道和饭店的一样，酸酸甜甜的，孩子非常喜欢，五星好评！,-,-,2021-06-25
14,k**6,,好评,溶解难易：非常棒 口感味道：正宗 ,-,-,2021-06-23
15,自**1,,好评,喝喝看回来再追评吧#突突突突突突他,-,-,2021-06-21
16,w**f,,好评,每次收货都是非常愉快的，可是只要一想到还要给评价，头就大了。幸好万能的网友总结出来一套通用的网购模板，如果你是想看评论决定买不买这个宝贝，你可以打住了。因为我说的你不一定信，但是我自己却坚定不移的要给好评，为啥呢?我来评价下这个宝贝，价格不错，质量不错，快递不错，老板不错。,-,-,2021-06-20
17,t**3,,好评,喝着不错，不过建议看着倒，倒多了会甜酸倒牙,-,-,2021-06-24
18,你**海,,好评,选了好久才选中这款，收到货后，果然没让我失望，味道棒极啦～ ,-,-,2021-06-24
19,t**8,,好评,口感很好，味道酸甜，色装很好，下次还来 ,-,-,2021-06-22
20,楠**黄,,好评,觉得不是正品，和实体店的味道一点都不一样，给想买的朋友们提个醒 ,喝了一次，剩下的已经全部倒掉了,-,2021-06-23
21,t**9,,好评,凉水热水都能冲泡，口感很好，酸酸的好喝 ,-,-,2021-06-25
22,m**0,,好评,每一次都很满意，这次选的宝贝更加满意，以后还会一如既往地买下去,-,-,2021-06-20
23,万**光,,好评,物美价廉，经济实惠，酸甜可口！,-,-,2021-06-21
24,抓**操,,好评,非常好喝 非常实惠,-,-,2021-06-22
25,白**犬,,好评,味道正宗，酸甜可口也解腻，最好冰冻下再喝。,-,-,2021-06-21
26,百**洁,,好评,好喝和在店里买的一样 ,-,-,2021-06-25
27,呵**的,,好评,价格非常合适,-,-,2021-06-21
28,t**0,,好评,冰镇后更好喝，一个星期多点就喝掉一包，再购,-,-,2021-06-24
29,p**y,,好评,二次购买了，每年夏天都囤上一批，很有那西安味！ ,-,-,2021-06-21
30,安**8,,好评,还没喝，跟之前买的一样。比超市便宜一半，便宜超值 ,-,-,2021-06-18
31,安**8,,好评,还没喝，跟之前买的一样。比超市便宜一半，便宜超值  ,-,-,2021-06-18
32,吉**哥,,好评,这个价钱能买到很不错,-,-,2021-06-23
33,野**野,,好评,好喝  加冰太棒啦 ,-,-,2021-06-23
34,绚**h,,好评,宝贝质量很好，是近期的正品，客服和快递服务好，谢卖家！满分！,-,-,2021-06-25
35,田**辣,,好评,味道挺纯正，加点冰块很好喝，外面卖的好喝因为加了很多的糖,-,-,2021-06-16
36,上**1,,好评,朋友推荐的  还没有品尝     ,-,-,2021-06-25
37,t**6,,好评,货真价实,-,-,2021-06-26
38,王**4,,好评,满满一大袋子,-,-,2021-06-24
39,t**9,,好评,味道跟酸梅汤差不多，很好喝,-,-,2021-06-25
40,余**5,,好评,不好喝，感觉色素和香精加太多了,-,-,2021-06-26
41,t**8,,好评,包装完好无损,-,-,2021-06-22
42,么**姝,,好评,与描述相符，很好吃，物流特别快！,-,-,2021-06-23
43,z**1,,好评,喝着还行,-,-,2021-06-22
44,坐**起,,好评,味道还行 ,-,-,2021-06-24
45,t**9,,好评,非常不错，味道。巴适得很！😁😁😁,-,-,2021-06-25
46,5**媛,,好评,挺好喝的，是我想象中的味道,-,-,2021-06-23
47,沈**9,,好评,味道不错，喝完还来这买,-,-,2021-06-23
48,j**1,,好评,收到了，挺好喝，建议买,-,-,2021-06-21
49,欧**1,,好评,     收到货了看着不错，去年买过，和以前的包装一模一样，不知道口味变了没有，好评！待都适应这口味了再买来尝尝。 ,-,-,2021-06-10
50,高**士,,好评,店家服务态度非常好，酸梅粉质量很好，非常满意的一次购物 ,-,-,2021-06-24
51,w**8,,好评,第二次买了，可以的。,-,-,2021-06-24
52,海**安,,好评,第二次买了，很好喝。,-,-,2021-06-21
53,枪**念,,好评,物流很快，物品完好无损，用起来很舒服，喜欢💕 ,-,-,2021-06-23
54,x**0,,好评,宝贝味道还不错，容易溶解，包装很好，喜欢的可以购买。 ,-,-,2021-06-20
55,w**9,,好评,很棒，六十人喝一包。,-,-,2021-06-21
56,丫**0,,好评,夏日的清凉，放点玫瑰花，冰镇后特别美味！ ,-,-,2021-06-19
57,希**仙,,好评,多次购买 不错 ,-,-,2021-06-25
58,静**媛,,好评,非常好，制作简单，味道正宗，夏天解暑很实用，这是一次愉快的购物体验。 ,-,-,2021-06-19
59,f**6,,好评,不错 很好的酸梅粉,-,-,2021-06-21
60,p**w,,好评,好喝味道不错👌 ,-,-,2021-06-25
61,成**娃,,好评,宝贝收到，质量不错，商家服务好发货快，物流快捷给力。,-,-,2021-06-26
62,人**0,,好评,口感味道：口感酸甜可口 ,-,-,2021-06-26
63,清**v,,好评,味道口感不错,-,-,2021-06-24
64,w**7,,好评,味道正，好喝,-,-,2021-06-26
65,h**c,,好评,不错很好喝 ,-,-,2021-06-25
66,t**0,,好评,宝贝已收到，打开尝了一下，感觉是自己喜欢的味道，酸甜可口、消暑佳品。,-,-,2021-06-24
67,t**3,,好评,好喝，老牌子，值得信赖 ,-,-,2021-06-24
68,崔**1,,好评,五星好评。 ,-,-,2021-06-25
69,小**1,,好评,没有密封条，一大袋拆开后不容易密封 ,-,-,2021-06-15
70,t**9,,好评,冲完里边有粘稠液体不知道是什么，非常混浊，扔了没敢喝,-,-,2021-06-25
71,南**阳,,好评,味道很好喝，一定用凉水充，热水充太酸,-,-,2021-06-15
72,傲**龙,,好评,很好溶解，味道个人觉着不错并不是很酸，但是肯定没有外面卖的好喝，性价比高啊孩子也喜欢喝，很好溶解，基本速溶，对味道没有极致追求的可以考虑入手 ,-,-,2021-06-11
73,t**3,,好评,刚才下单了，第二次买，涨价了，唉，要知道好喝，当时多买几包了,-,-,2021-06-24
74,紫**9,,好评,口感味道：酸甜可口，和超市买的味道一样 ,-,-,2021-06-18
75,l**8,,好评,宝贝容易冲泡，口感特爽，夏季适合冰水冲泡 ,-,-,2021-06-10
76,孟**洋,,好评,陕西人的问道,-,-,2021-06-26
77,w**7,,好评,味道不错！就是没少了，应该多买一些！ ,-,-,2021-06-14
78,h**n,,好评,挺好的。给公司买的，接待用的。 ,-,-,2021-06-22
79,t**2,,好评,下回还买,-,-,2021-06-25
80,t**8,,好评,同超市里卖的一样．,-,-,2021-06-22
81,默**情,,好评,收到了，酸酸甜甜的挺好喝的,-,-,2021-06-23
82,小**朵,,好评,物美价廉，味道好,-,-,2021-06-21
83,李**李,,好评,好吃实惠,-,-,2021-06-16
84,阿**仆,,好评,口感味道：差不多还行 ,-,-,2021-06-16
85,小**o,,好评,很好喝，不错 ,-,-,2021-06-26
86,t**2,,好评,不错，味道好,-,-,2021-06-26
87,f**m,,好评,很不错，物美廉价，味道纯正！ ,-,-,2021-06-11
88,高**麒,,好评,买回来，同事都抢着喝,-,-,2021-06-16
89,t**0,,好评,一次买了两家的酸梅粉，等吃了再来评价,-,-,2021-06-24
90,聚**汇,,好评,每个夏天都会买,-,-,2021-06-23
91,f**4,,好评,粉多了兑水 水多了兑粉  冰箱里冻一会  喝起来酸爽 ,-,-,2021-06-20
92,陈**恩,,好评,又拍了一单，喝着不错，比喝碳酸饮料好！,-,-,2021-06-19
93,g**0,,好评,价格实惠，味道不错,-,-,2021-06-15
94,寒**羽,,好评,好难喝啊！味道怪怪的，像话梅渣渣的感觉 ,-,-,2021-06-24
95,齐**1,,好评,五星好评，非常好！想不到那么快就到了！ ,-,-,2021-06-19
96,z**7,,好评,口感好，颜色也好,-,-,2021-06-20
97,t**0,,好评,到货就泡水放冰箱里，娃很爱喝,-,-,2021-06-24
98,t**2,,好评,还可以，没康师傅瓶装的好喝! ,-,-,2021-06-26
99,w**人,,好评,一如既往的好，已经到此购买了,-,-,2021-06-20
100,霄**6,,好评,可以，挺好喝的，而且很大一包 ,-,-,2021-06-18
101,好**l,,好评,溶解难易：抖音推荐购买的，价格便宜，质量也很好，很容易就被溶解了，喝起来酸酸甜甜，爱了爱了 ,-,-,2021-06-13
102,凤**城,,好评,宝贝满意，满分好评。,-,-,2021-06-16
103,朱**8,,好评,一直在回购，挺好喝的，还解暑 ,-,-,2021-06-15
104,z**4,,好评,第二次购买，味道好极了,-,-,2021-06-19
105,一**2,,好评,口感不错，还会继续光临,-,-,2021-06-18
106,张**0,,好评,和买的没啥区别，很好喝，nice哦 ,-,-,2021-06-20
107,x**1,,好评,材质不错，性价比高，值得购买！,-,-,2021-06-19
108,史**雄,,好评,废话不多说，第N次买了。自助餐厅用的。 ,-,-,2021-06-24
109,兰**贝,,好评,买好几次了，消暑好饮品 ,-,-,2021-06-16
110,t**9,,好评,质量很好，价格便宜，值得购买 ,-,-,2021-06-25
111,愤**达,,好评,口感味道：口味正，酸酸甜甜好喝  ,-,-,2021-06-18
112,t**8,,好评,还不错，多放点挺好喝的,-,-,2021-06-22
113,星**去,,好评,味道不咋地，香精味太重了,-,-,2021-06-25
114,多**贤,,好评,原装正品，还没试味！,-,-,2021-06-24
115,1**5,,好评,不多说，买了很多次 ,-,-,2021-06-24
116,j**1,,好评,味道非常好，口感酸甜适中，解暑。 ,-,-,2021-06-21
117,大**花,,好评,非常满意，只是忘了点收货，还会再买的,-,-,2021-06-19
118,f**爷,,好评,果真是味道很重。 ,-,-,2021-06-23
119,诚**吗,,好评,店家服务态度很好快递挺快的。,-,-,2021-06-25
120,y**o,,好评,这个味道特别的好,-,-,2021-06-18
121,t**9,,好评,挺好的 之前就买过,-,-,2021-06-25
122,t**3,,好评,溶解难易：很容易溶解 包装品质：挺好的 口感味道：没店里卖的酸，但是已经很不错了 ,-,-,2021-06-24
123,微**z,,好评,一如既往的好喝，卖了好几次了，满意 ,-,-,2021-06-17
124,l**8,,好评,再次大量网购，口感特爽 ,-,-,2021-06-13
125,枉**去,,好评,冷饮口感不错,-,-,2021-06-19
126,h**9,,好评,味道不错，好喝 ,-,-,2021-06-21
127,子**8,,好评,口感味道：很好 ,-,-,2021-06-18
128,x**5,,好评,一如既往的好喝。,-,-,2021-06-19
129,t**0,,好评,挺好的  是那个味,-,-,2021-06-24
130,g**8,,好评,喜欢的味道,-,-,2021-06-24
131,李**好,,好评,还不错，味正,-,-,2021-06-17
132,t**5,,好评,此用户没有填写评价。,味道真的不错,-,2021-06-04
133,1**2,,好评,酸酸甜甜就是我的最爱，好喝 ,-,-,2021-06-10
134,丁**爷,,好评,好喝不贵,-,-,2021-06-18
135,t**0,,好评,不错，味道很好，喝完在来 ,-,-,2021-06-24
136,t**6,,好评,非常不错,-,-,2021-06-26
137,t**6,,好评,👌从没想过这么实惠的价格，😴能买到这么好的宝贝，😃性价比非常高，我很喜欢哦😃 ,-,-,2021-06-26
138,汤**5,,好评,口味不错，值得购买！,-,-,2021-06-20
139,t**5,,好评,跟邵汇大虾里的一个味，赞,-,-,2021-06-15
140,w**4,,好评,质量很好，发货物流也很快,-,-,2021-06-19
141,b**5,,好评,口感非常不错，每年夏天都会买几包， 缺点就是太湿了，小口径的杯子不好倒进去，经常撒出来能否送个漏斗一类的工具， ,-,-,2021-06-14
142,殇**华,,好评,超大包，味道好，无异味，冷水可溶 ,-,-,2021-06-11
143,t**9,,好评,好喝，值得购买哦,-,-,2021-06-25
144,启**娱,,好评,口感真好，价格非常合适，简单易操作， ,-,-,2021-06-14
145,情**怨,,好评,东西收到了，用这个牌子的酸梅粉配的梅汁非常好喝，已经第二次买了，谢谢了。,-,-,2021-06-10
146,紫**玉,,好评,味道不错，就是一大包，要是能一小包一小包，方便存放,-,-,2021-06-13
147,上**乡,,好评,十几块钱一大包，而且味道很不错，酸酸甜甜的，喜欢。,-,-,2021-06-11
148,品**恩,,好评,冲水容易溶解，，甜酸适中，，儿子很喜欢 ,-,-,2021-06-13
149,t**9,,好评,加冰绝配，上次买过一次，回购 ,-,-,2021-06-25
150,t**2,,好评,喜欢喝康师傅的酸梅汤，感觉这款酸梅汤粉冲出来的不如康师傅的好喝，太甜了，梅子的酸味少了,-,-,2021-06-10
151,t**1,,好评,口感相当不错，名副其实的好喝，尤其是冰镇一下口感更爽,-,-,2021-06-09
152,草**狼,,好评,按照10：1的比例，基本没味道，放多了又太甜了，很很很很一般 ,-,-,2021-06-20
153,t**8,,好评,这个玩意喝完拉肚子，建议大家不要买，谁买谁上当？联系客服，客服是各种敷衍。还说什么敏感度，敏感**，坑人的玩意，祝你们卖家全家拉肚子,喝完拉肚子。建议大家不要买，谁买谁**，谁买谁后悔。卖家各种敷衍，完全不负责任，祝卖家全家拉肚子,-,2021-06-22
154,风**9,,好评,物流快，满意,-,-,2021-06-15
155,纳**3,,好评,口感不错，同事喝了都说好 ,-,-,2021-06-10
156,t**2,,好评,味道纯正,-,-,2021-06-14
157,风**8,,好评,第三次购买，还是老品质，味道不错,-,-,2021-06-10
158,f**7,,好评,这两包真的好大……一包顶以前超市买的两三包了,-,-,2021-06-20
159,i**肉,,好评,回购，味道不错的，去年喝了一夏天，今年继续 ,-,-,2021-06-10
160,小**8,,好评,个人觉得味道不错，物流也很快，就是包装有一点损坏了,-,-,2021-06-22
161,思**娃,,好评,合适，挺好,-,-,2021-06-14
162,长**雪,,好评,还行，有点酸,-,-,2021-06-20
163,t**8,,好评,味道还行,-,-,2021-06-22
164,g**1,,好评,口感还行 。,-,-,2021-06-20
165,t**8,,好评,非常nice，老大一包,-,-,2021-06-22
166,t**3,,好评,一直回购的产品，味道还不错 ,-,-,2021-06-24
167,锦**9,,好评,跟回民街的不一样，差点,-,-,2021-06-20
168,k**1,,好评,想买的别买了，大家看下成分表吧，全是添加剂和香精啊，哪有一点酸梅的成分。冲了点，这甜度都齁嗓子。而且客服态度也不好，我快递9天了一直在揽收，中途让她们给查，一直说是仓库爆仓让我等，期间都是机器人回复也是无语了。他家好像没客服，后来好不容易联系上了，说是快递丢了，给我补发。买一个酸梅粉，发了半个月才到货，也是服了。不会再回购了，太差劲了,-,-,2021-06-17
169,卓**凡,,好评,酸甜可口，好喝又解暑,-,-,2021-06-09
170,t**3,,好评,非常好喝，很大一包,-,-,2021-06-24
171,怡**贝,,好评,一直好吃 买了很多年了,-,-,2021-06-14
172,f**1,,好评,一直用这家的，非常棒!,-,-,2021-06-12
173,m**n,,好评,还可以！！味道不错！,-,-,2021-06-22
174,t**2,,好评,邮政快递比从前快些了，味道很好,-,-,2021-06-13
175,错**口,,好评,不错不错味道好极了,-,-,2021-06-12
176,t**3,,好评,味道不错，好喝,-,-,2021-06-24
177,威**0,,好评,还不错，挺好喝,-,-,2021-06-11
178,7**e,,好评,不错，味道很好，打算继续购买,-,-,2021-06-12
179,t**1,,好评,收到了，还没用，不过量挺多的,-,-,2021-06-20
180,赵**y,,好评,物流很快，口味很好，价格很实惠，五星好评！,-,-,2021-06-09
181,王**1,,好评,无限回购,-,-,2021-06-14
182,s**8,,好评,冰冰凉，很爽！,-,-,2021-06-14
183,小**8,,好评,还可以吧,-,-,2021-06-13
184,随**遇,,好评,不错，好喝，十分推荐,-,-,2021-06-10
185,刘**2,,好评,1.5升的开水冲5大勺酸梅粉，放凉以后加入冰块，很好喝(✪▽✪)！桂花的香味，喝到嘴里酸酸的，后劲是淡淡的甜，生精解渴！很大一包！喜欢陕西，喜欢西安(ღ˘⌣˘ღ),-,-,2021-06-08
186,t**2,,好评,十分满意，下次再来。,-,-,2021-06-10
187,t**3,,好评,味道好极了  谢谢老板 ,-,-,2021-06-24
188,鲍**伶,,好评,終於收到我需要的寶貝了，東西很好，價美物廉，謝謝掌櫃的！說實在，這是我淘寶購物來讓我最滿意的一次購物。無論是掌櫃的態度還是對物品，我都非常滿意的。掌櫃態度很專業熱情，有問必答，回復也很快，我問了不少問題，他都不覺得煩，都會認真回答我，這點我向掌櫃表示由衷的敬意，這樣的好掌櫃可不多。再說寶貝，正是我需要的，收到的時候包裝完整，打開後讓我驚喜的是，寶貝比我想象中的還要好！不得不得竪起大拇指。下次需要的時候我還會再來哦  ,-,-,2021-06-03
189,l**1,,好评,酸梅粉收到了，还是原来的那个味道，好喝还不贵 ,-,-,2021-06-01
190,z**仙,,好评,收到了好大一包，不知道泡出来什么味道 ,-,-,2021-06-15
191,虫**4,,好评,发货满快的，，，快递也很快就到了，，，酸梅粉收到，与店家描述的一致，味道还行，，， ,-,-,2021-06-17
192,j**3,,好评,溶解难易：易溶解 配件问题：买五送一 包装品质：简单袋装包装不错 外观品相：逛超市发现的品牌 口感味道：口感味道跟线下门店差不多 ,-,-,2021-06-14
193,t**3,,好评,很好喝的。属于很好喝的渡夏凉茶。,-,-,2021-06-24
194,黄**贴,,好评,溶解难易：易。 包装品质：严。 外观品相：好。 口感味道：好。 味道不错。 ,-,-,2021-06-05
195,叼**俊,,好评,东西不错，还有优惠，可以放心省钱购买，不要犹豫了,-,-,2021-05-29
196,太**星,,好评,物流不行，到我手上都漏气了,-,-,2021-06-19
197,林**7,,好评,朋友介绍，喝下来效果还不错，就是没有上火，不知道效果怎么样，还没有用。,-,-,2021-06-15
198,须**6,,好评,品质很不错🍆，性价比比较高的的商品🍀，喜欢的亲可以直接下手不要犹豫哦📍,-,-,2021-05-30
199,莫**1,,好评,很不错，酸酸甜甜。物美价廉,-,-,2021-06-03
200,x**痕,,好评,味道不错，第二次回购了，加点冰糖。或者蜂蜜，冰镇一下更好喝,-,-,2021-06-07
201,d**7,,好评,第N 次回购，老公做事太热了喝这个解渴,-,-,2021-06-08
202,瑶**1,,好评,口感只喝到甜，没有酸味，还差点东西，,-,-,2021-06-15
203,b**8,,好评,夏天的最爱，满满六大包。 ,-,-,2021-06-04
204,星**辰,,好评,夏天喝白开水加点这个相当美。,-,-,2021-06-03
205,c**0,,好评,东西挺好，快递太垃圾，货到了电话都不打，而且还放在挺远的地方 ,-,-,2021-06-15
206,拉**9,,好评,还行，第一次物流四五天没有收到货联系商家后商家告知快递丢货了看是退款还是补发毅然的选择了补发第二次物流很快三天内到达！前面让人很不高兴后面商家处理得当化解矛盾！,-,-,2021-06-15
207,c**2,,好评,量很足，味道还不错，夏天来一杯冰镇的酸梅汁很过瘾,-,-,2021-05-30
208,元**王,,好评,还行吧。太甜了，香精好像多了，要是再酸一点就好了,-,-,2021-06-07
209,c**5,,好评,质量可以，好评全5分。,-,-,2021-06-08
210,心**伤,,好评,一大袋，口味可以。 ,-,-,2021-06-17
211,w**9,,好评,真不错，一袋都快喝完了，还会来回购的 ,-,-,2021-05-28
212,哎**r,,好评,我小弟说挺好喝的,-,-,2021-05-31
213,t**8,,好评,挺不错，清凉,-,-,2021-06-22
214,桃**z,,好评,真的太好喝了！下次还会光顾太棒了！,-,-,2021-06-08
215,j**8,,好评,不好喝 一般！,-,-,2021-06-15
216,兔**刘,,好评,很好的，多年买了，夏天饮料非常棒！！！,-,-,2021-05-29
217,铅**8,,好评,口感一般 ,-,-,2021-06-17
218,美**子,,好评,味道很好，天气热喝着很解暑。 ,-,-,2021-05-29
219,女**2,,好评,快递慢*了，我的七八天才收到东西 ,-,-,2021-06-14
220,t**4,,好评,西安到洛阳，四天半。快递超级慢。差评,-,-,2021-06-18
221,x**u,,好评,价亷物美值得购买 ,-,-,2021-05-28
222,c**8,,好评,每年都回购，挺好,-,-,2021-05-29
223,d**1,,好评,味道不错，很好喝,-,-,2021-06-06
224,n**6,,好评,挺好，味道不错 ,-,-,2021-06-08
225,k**湖,,好评,很享用！味道好！,-,-,2021-05-31
226,雪**0,,好评,收到。今天打开喝了，味道不错有点老味道，最后有点桂花味道。溶解快。包装不错没有破损。 ,-,-,2021-05-26
227,少**l,,好评,太酸了，没有甜味 ,-,-,2021-06-16
228,z**3,,好评,每年夏天的必备,-,-,2021-05-29
229,南**阳,,好评,很好喝  酸酸甜甜,-,-,2021-05-28
230,y**3,,好评,还不错，蛮好的,-,-,2021-05-29
231,嘉**仔,,好评,不错不错！味道好,-,-,2021-06-06
232,c**1,,好评,很多很好喝，nice ,-,-,2021-06-06
233,亿**0,,好评,特别大一包,-,-,2021-06-15
234,t**8,,好评,味道还不错,-,-,2021-06-22
235,竹**子,,好评,宝贝不错，性价比高，物流也很快，非常满意。,-,-,2021-05-28
236,x**9,,好评,特别满意 ,-,-,2021-06-04
237,皮**9,,好评,好大一包 ,-,-,2021-06-05
238,t**5,,好评,宝贝收到，物流很快，商家也很热心，值得购买，质量不错哦,-,-,2021-05-30
239,南**1,,好评,好评，传统酸梅汤口味。 ,-,-,2021-06-05
240,小**来,,好评,多次购买了 ,-,-,2021-05-29
241,人**欢,,好评,一直在这家买 ,-,-,2021-06-01
242,冰**凝,,好评,宝贝质量很好，很喜欢,-,-,2021-05-30
243,t**9,,好评,物美价廉，好！,-,-,2021-06-25
244,毅**淘,,好评,不错，很满意，味道很好,-,-,2021-06-04
245,s**熠,,好评,溶解难易：挺好溶解的 配件问题：一大袋一次喝不完，商家如果能送个小夹子那就更完美了（想象中）或者改成哪种有塑封条的袋子会不会体验更好了😁😁😁 包装品质：就是回来外面袋子上都是酸梅粉，希望在家能注重下外观形象 口感味道：挺不错，感觉和卖的口味差不多 ,-,-,2021-05-13
246,t**3,,好评,颗粒感太强，不溶解，满满的化学药品味道。估计是假的。 ,-,-,2021-06-24
247,金**诺,,好评,有什么说什么，宝贝质量没的说，冲出来也挺好喝！但是！这物流速度和客服是真让人无语，客服直接不理人，全是系统自动回复，物流速度更是慢的要*！无语！,-,-,2021-06-07
248,连**业,,好评,物美价廉,-,-,2021-06-01
249,t**9,,好评,量多，便宜，感觉有白糖不容易化开。然后味道一般，香精味儿比较重，还行吧。 ,-,-,2021-06-25
250,y**q,,好评,一如既往的好！已经买过很多次了，也买过其他牌子的，都不如这个好。希望卖家多做活动。用得挺好的 使用效果：很好包装与外观：包装没有问题，没有什么损害的。,-,-,2021-05-10
251,爱**y,,好评,对于这个物流我只能说是无语了真的我五号下单十一号才到我真的是浪费了好多时间如果快递这么慢可以和顾客说让顾客自己选择要不要买是不是这样真的是耽误我的事情差评差评如果不着急用倒是没关系问题是我着急啊 ,-,-,2021-06-11
252,云**生,,好评,做了个果冻，味道杠杠滴！,-,-,2021-05-22
253,t**2,,好评,一分都不想给，自己发错货补两块钱就觉得能解决问题？ ,-,-,2021-06-10
254,t**5,,好评,质量是真的差，收到货之后那个包装都是烂的，客服也是爱理不理的那种，真的无语了,-,-,2021-06-12
255,蓝**可,,好评,好喝，和店里卖的没差，好评！！😀😀,-,-,2021-05-23
256,l**果,,好评,非常nice,-,-,2021-05-24
257,1**g,,好评,去年就在贵店铺买过两次，夏天降温比较好，性价比很高，喝完继续在贵店铺购买 ,-,-,2021-05-14
258,聂**乐,,好评,全是食品添加剂根本就没有一点酸梅的成分，别的牌子的酸梅粉人家都有酸梅的成分的，太假了吧！谁买谁上当受骗。,-,-,2021-06-12
259,z**9,,好评,溶解难易：容易 口感味道：还是不错的 ,-,-,2021-06-08
260,深**刃,,好评,好喝，量大实惠，可以喝好久,-,-,2021-05-18
261,张**锴,,好评,东西非常好，卖家的服务也好，一开始以为东西丢了，后来快递又送了过来，虽然外包装损坏但是东西都好，非常感谢,-,-,2021-05-15
262,海**哈,,好评,凉水泡更好喝，相比卖的没有那么甜，喝起来还可以 ,-,-,2021-05-12
263,眼**涩,,好评,买了好多次，不知道味道是否一样，没有打开尼 ,-,-,2021-06-09
264,爹**摆,,好评,口感味道：太差了，就是在在喝添加剂。不建议购买 ,-,-,2021-06-09
265,暗**主,,好评,不好喝，用的凉矿泉水加冰块仍然不咋样 ,-,-,2021-06-10
266,y**n,,好评,老顾客了，希望能有更多优惠,-,-,2021-05-20
267,追**帅,,好评,不错口味可以挺好喝下次还会再买,-,-,2021-05-26
268,坚**米,,好评,正品 好喝 味道很正,-,-,2021-05-12
269,t**9,,好评,买回来之后包装还漏气了,-,-,2021-06-25
270,卿**7,,好评,好喝 和店里喝的 一样哈哈哈哈 ,-,-,2021-05-16
271,t**4,,好评,酸酸甜甜的   在冰箱里放一会   口感更好   挺不错的,-,-,2021-05-26
272,陕**敏,,好评,味道还是一如既往的好，非常棒！冰镇会更好！ ,-,-,2021-05-14
273,t**4,,好评,非常难喝，完全没有小时候的味道。,喝多了肝疼特难受,-,2021-06-09
274,d**2,,好评,还是那个口味，夏天喝冰镇酸梅汤就是爽,-,-,2021-05-22
275,有**y,,好评,这是用蜗牛送的货吗，省内送了五天,-,-,2021-06-05
276,l**2,,好评,给孩子买的，应该好喝,-,-,2021-05-18
277,缘**4,,好评,非常好喝 酸酸甜甜的 家人一直认可,-,-,2021-05-19
278,s**x,,好评,不错的选择老顾客了一如既往的好， ,-,-,2021-05-22
279,骁**8,,好评,已经买过几次了，老顾客，支持 ,-,-,2021-05-23
280,崔**1,,好评,长期在用这家的产品，好评五星,-,-,2021-05-14
281,b**9,,好评,好喝，还行。。。。 ,-,-,2021-06-11
282,流**颜,,好评,味道一般般吧,-,-,2021-06-06
283,穿**5,,好评,包装品质：包装差 ,-,-,2021-06-13
284,妖**妹,,好评,每年夏天都买，好喝又不贵,-,-,2021-05-25
285,z**5,,好评,好喝，和卖的酸梅汤一个味道！,-,-,2021-05-14
286,d**6,,好评,很好的饮粉，年年买。全五星好评！ ,-,-,2021-05-20
287,t**4,,好评,宿舍一起买的，评价都不错。,-,-,2021-05-18
288,朔**魂,,好评,还不错，有需要再来买,-,-,2021-05-16
289,崔**1,,好评,又收到一件，五星好评 ,-,-,2021-05-15
290,冰**星,,好评,第一次购买，味道挺不错的。好评！,-,-,2021-05-18
291,云**s,,好评,多次购买了，非常好,-,-,2021-05-21
292,h**6,,好评,非常不错，全五分，下次还会再来,-,-,2021-05-26
293,悦**宝,,好评,快递公司是我最满意的，希望店家继续和中通合作，快，方便 ,-,-,2021-05-12
294,雪**6,,好评,感觉不是很好喝！,-,-,2021-06-07
295,忘**8,,好评,还没品尝呢，好了再追评,-,-,2021-05-26
296,吴**z,,好评,每年天热都会买2包,-,-,2021-05-21
297,x**茹,,好评,此用户没有填写评价。,口感不是太好,-,2021-05-29
298,胖**同,,好评,好  味道不错不错不错不错 ,-,-,2021-05-13
299,t**1,,好评,口味很好，好喝。,-,-,2021-05-24
300,t**3,,好评,一如既往的好。,-,-,2021-06-24
301,t**3,,好评,味道很不错,-,-,2021-06-24
302,l**仔,,好评,爱喝的味道…… ,-,-,2021-06-13
303,w**瓜,,好评,好喝，味道不错，很喜欢。 ,-,-,2021-05-13
304,朱**8,,好评,好喝，回购的 ,-,-,2021-05-24
305,波**里,,好评,收到了好喝,-,-,2021-06-07
306,代**6,,好评,收藏加购 ,-,-,2021-05-23
307,l**7,,好评,喝起来味道还是不错的，值得购买，好评,-,-,2021-05-19
308,d**a,,好评,第四次购买了 ,-,-,2021-05-26
309,血**5,,好评,习惯性好评,-,-,2021-06-08
310,丑**8,,好评,物美价廉，物流给力，值得回购！,-,-,2021-05-26
311,殷**5,,好评,货已到，很好，下回还买。谢谢！,-,-,2021-05-20
312,姚**0,,好评,就是这个味，爱了爱了 ,-,-,2021-06-10
313,暂**吉,,好评,酸梅粉可以的  买了好几次  颜色看起来也挺好的  买来送给客人喝的  兑水也很好调   主要很方便   可以会继续来购买的 ,-,-,2021-04-22
314,周**1,,好评,第二次来了，很不错 ,-,-,2021-05-23
315,等**头,,好评,每年都购买，不错,-,-,2021-05-13
316,t**4,,好评,以前买过，不错,-,-,2021-05-12
317,l**8,,好评,准备进冰箱冷冻了，口感不错，打开包装的那瞬间，闻着就是我想要的，必须好评！,-,-,2021-04-26
318,t**2,,好评,溶解难易：很好溶解，凉水也可以冲泡 包装品质：包装还不错 外观品相：Very good 口感味道：很好喝，建议购买 ,-,-,2021-04-25
319,木**农,,好评,价廉物美,-,-,2021-05-24
320,t**1,,好评,一包真的挺多的，味道也很正宗，和外面饭店味道一样，不错 ,-,-,2021-04-24
321,黄**1,,好评,刚刚去取了快递回来，打开包装还不错，我还没开始吃呢，以后好喝再来 ,-,-,2021-04-25
322,是**鹿,,好评,挺好的酸酸甜甜，拿来做酸梅冰粉刚刚好. ,-,-,2021-05-01
323,雨**园,,好评,还没有开袋，等用了在来追评。就是这次的物流太慢了，不过快递小哥还是很给力的 ,-,-,2021-06-03
324,l**3,,好评,正宗味道喝着酸甜可口下次光顾本店,-,-,2021-05-07
325,t**0,,好评,溶解难易：可以 配件问题：没问题 包装品质：挺好的 外观品相：有创意 口感味道：好喝 ,-,-,2021-06-24
326,h**5,,好评,问问题都不回答，答非所问。,-,-,2021-05-29
327,c**羌,,好评,买6包只能退5包要小心看好喽才可以，黑我1包,-,-,2021-06-03
328,6**6,,好评,发货快，包装和原先一样，口味纯正，5星好评。,-,-,2021-05-02
329,刀**8,,好评,味道棒棒哒！ ,-,-,2021-04-28
330,风**2,,好评,夏天喝,-,-,2021-06-03
331,t**5,,好评,此用户没有填写评价。,不好喝朋友们。买回来自己喝还是不建议。,-,2021-04-21
332,t**2,,好评,和超市卖的味道一模一样很喜欢下次还会顾,-,-,2021-05-05
333,q**儿,,好评,没有之前在外面餐厅喝到的好喝，还有香味太浓不喜欢，量倒是挺多的 ,-,-,2021-05-26
334,t**3,,好评,家里的柠檬粉快喝完了，这次再拍了酸梅粉，不错不错，好评 ,-,-,2021-06-24
335,w**e,,好评,宝贝儿收到了，与卖家描述的一样，鼓励卖家五分好评。,-,-,2021-05-02
336,狐**e,,好评,第2次购买这个东西确实是可以。,-,-,2021-04-20
337,燕**1,,好评,回头客了啊，我已经在这个店里面已经买了N多次了。可以可以。,-,-,2021-04-27
338,t**7,,好评,东西很好 下次还会购买 五星好评,-,-,2021-04-27
339,恋**主,,好评,这酸梅粉，不错，和小时候喝到的一个味道，准备再买第二次， ,-,-,2021-05-09
340,我**1,,好评,宝贝已收到   不错很实惠   多次购买啦   ,-,-,2021-04-19
341,t**7,,好评,还行，挺实惠的，可以购买 ,-,-,2021-05-05
342,微**z,,好评,用了觉得很不错，商品质量好，发货也挺快的，总之就是很赞了,-,-,2021-05-08
343,t**4,,好评,挺好的反正弟弟妹妹喜欢喝 ,-,-,2021-04-19
344,x**哥,,好评,我不是太喜欢，有点粉面末在水中感觉。,-,-,2021-05-31
345,涛**）,,好评,收到满意，需要还会再来光顾本店,-,-,2021-05-05
346,刚**屏,,好评,东西不错，好好喝。,-,-,2021-04-18
347,柚**脐,,好评,包装很好，发货很快，好评(*￣3￣)╭♡❀小花花砸你 ,-,-,2021-04-25
348,b**0,,好评,味道一般 ,-,-,2021-05-27
349,y**7,,好评,很好喝，这次又买了一包,-,-,2021-05-07
350,一**毛,,好评,东西质量不错，发货速度快。,-,-,2021-06-01
351,袁**s,,好评,不错 味道很好 会回购的 ,-,-,2021-04-24
352,t**1,,好评,热水一冲就开了，很好喝， ,-,-,2021-06-01
353,大**8,,好评,味道正过周含韵，酸酸甜甜的,-,-,2021-05-27
354,怡**贝,,好评,买了好几年了 一直不错,-,-,2021-05-03
355,t**2,,好评,长期购买，非常不错 ,-,-,2021-05-07
356,市**龙,,好评,多次购买，好喝。,-,-,2021-05-06
357,加**叶,,好评,味道稍微淡了点，习惯好评！,-,-,2021-05-29
358,想**3,,好评,口感味道：感觉还好 ,-,-,2021-04-17
359,t**3,,好评,感觉有点塑料味,-,-,2021-06-24
360,t**7,,好评,宝贝很好！味道一如既往的好！下次再来,-,-,2021-05-07
361,李**1,,好评,都点偏酸，不甜哦！！,-,-,2021-05-30
362,t**6,,好评,好喝的很量也很多,-,-,2021-06-26
363,t**4,,好评,第二次购买了，很好。再接再厉,-,-,2021-04-24
364,白**悲,,好评,味道不错呢。 ,-,-,2021-05-27
365,伟**双,,好评,非常好喝,-,-,2021-04-24
366,卡**士,,好评,看着还行。,-,-,2021-06-03
367,司**宁,,好评,挺好的，冲好放冰箱，解暑。,-,-,2021-05-25
368,河**寒,,好评,已经喝了两袋了,-,-,2021-05-26
369,t**8,,好评,不错，下次还会买的。,-,-,2021-06-22
370,g**1,,好评,已经收到了,-,-,2021-04-23
371,t**1,,好评,口感相当不错，值得购买,-,-,2021-05-09
372,梦**8,,好评,好评，挺好喝的。,-,-,2021-05-03
373,噢**7,,好评,很好，很多人喜欢,-,-,2021-05-04
374,t**1,,好评,回购的，物流很快。,-,-,2021-05-28
375,w**子,,好评,小箱子里装挺大一包，看评价味道应该不错，等以后喝了再评价吧 ,-,-,2021-04-12
376,天**丽,,好评,口感味道：口感不错纯净水直接可以融化，知道拥有给大家分享一下😛 ,-,-,2021-01-31
377,j**r,,好评,不错的，很喜欢的，买的就是这个的，可以的，很好喝的 ,-,-,2021-04-08
378,球**号,,好评,一公斤 跟袋洗衣服一样 但是东西很好也太划算了！ 夏天冲一杯美汁汁 ,-,-,2021-04-12
379,痞**求,,好评,很好，很喜欢，以前的店里经常购买，现在换个店，依旧在用，很喜欢,-,-,2021-04-14
380,t**8,,好评,为什么收到的是已经开封的?,-,-,2021-06-22
381,t**7,,好评,收到了没有坏谢谢。 ,-,-,2021-05-14
382,t**3,,好评,此用户没有填写评价。,物流很快，味道不错，下次继续购买！,-,2021-06-24
383,带**c,,好评,口感味道：不怎么样，一股香精味，没有想的好喝。问客服问题都不理人，买完了也不理。 ,-,-,2021-05-23
384,p**i,,好评,收到货后外包装完好。还没有开始喝，希望还是小时候的味道。,-,-,2021-04-13
385,晓**6,,好评,酸梅汁还不错，夏天喝是个不错的选择开胃。也非常容易泡开，可以下单噢！,-,-,2021-04-06
386,一**8,,好评,包装高大上 味道还没喝，感觉还不错,-,-,2021-03-19
387,6**o,,好评,东西是不错，就是涨价了，原来买的9块9，涨了三，四块，心凉,-,-,2021-05-11
388,张**悦,,好评,夏天快到了，想冲点酸梅汁，放在冰箱里凉着喝，特别消暑 ,-,-,2021-03-25
389,o**d,,好评,东西没问题  快递是真的烂   我去拿的时候快递箱已经烂的不成样子了 ,-,-,2021-05-15
390,z**7,,好评,此用户没有填写评价。,喝了就那回事 没有说的那么好 用热水的话还有一股怪味,-,2021-05-20
391,t**7,,好评,老妈非常喜欢，点名要我买的。 ,-,-,2021-03-17
392,郭**好,,好评,目前喝着还好，可能冲的量有点少，下回多冲点试试 ,-,-,2021-05-19
393,秋**呦,,好评,售后挺好的，味道也不错^ω^ 酸酸甜甜挺好喝,-,-,2021-04-14
394,蕊**5,,好评,不甜的那种，酸口比较大，不是理想的那种味道,-,-,2021-05-24
395,源**行,,好评,味道不错，感觉还行，自己喝还可以 ,-,-,2021-03-20
396,阿**啊,,好评,水泡着很好喝  不过里面有点渣渣,-,-,2021-05-16
397,♂**,,好评,满意 ,-,-,2021-03-27
398,t**4,,好评,发货快，觉得还挺不错的，优惠力度大点就好了,-,-,2021-03-17
399,q**8,,好评,喝着还行 ,-,-,2021-03-31
400,赫**斯,,好评,还可以，就是香精味比较重,-,-,2021-05-16
401,y**h,,好评,包装的很好，与店家描述的一致！,-,-,2021-03-30
402,t**4,,好评,发货速度快，酸梅粉生产日期新鲜。还会再买。,-,-,2021-03-23
403,梦**妍,,好评,好喝，爱了(๑°3°๑),-,-,2021-04-11
404,懒**0,,好评,味道很不错  好喝,-,-,2021-04-14
405,z**8,,好评,得多对些水，太甜了。,-,-,2021-05-19
406,啊**4,,好评,好喜欢这个味道,-,-,2021-04-10
407,情**爱,,好评,可以 就涨价了,-,-,2021-05-22
408,东**画,,好评,夏天快到了，备点。,-,-,2021-05-15
409,t**1,,好评,就喜欢这个味 ,-,-,2021-04-06
410,l**1,,好评,难得的送货到家，非常感谢 ,-,-,2021-03-31
411,坏**c,,好评,太甜了，差点酸,-,-,2021-05-19
412,时**3,,好评,一如既往的好,-,-,2021-04-12
413,我**湾,,好评,味道挺好的,-,-,2021-03-17
414,t**7,,好评,夏季必备。 ,-,-,2021-05-23
415,l**1,,好评,喝上一股色素味糖精味,-,-,2021-05-16
416,t**7,,好评,不错，喜欢，性价比高，以后会经常光顾 ,-,-,2021-04-04
417,s**7,,好评,味道不错，物有所值，好评。,-,-,2021-04-14
418,t**2,,好评,👌客服很棒 ,-,-,2021-04-03
419,t**3,,好评,挺好的，去年就买过,-,-,2021-06-24
420,t**3,,好评,老客户了，很好,-,-,2021-06-24
421,n**6,,好评,味道挺好的，满意,-,-,2021-04-08
422,l**8,,好评,很不错呀 ,-,-,2021-03-17
423,x**9,,好评,此用户没有填写评价。,第二次买了，第一次买的刚喝完，直接往瓶子里放了第二次买的，图上深色的是第一次买的，第二次买的颜色浅，味道也跟第一次不一样了,-,2021-04-16
424,t**5,,好评,泡出来有点渣渣，但性价比很高毕竟价格摆着呢，能送个量勺就好了，第一次没数放多了 ,-,-,2021-05-04
425,b**d,,好评,可以，很大一包。 ,-,-,2021-05-08
426,k**8,,好评,还未享用，先好评。 ,-,-,2021-06-15
427,s**c,,好评,联系了一周，总算得到赔付，都不知道被扔哪去了，差到极点的中通快递 ,-,-,2021-05-01
428,t**8,,好评,问了个寂寞！,-,-,2021-06-22
429,姆**具,,好评,有一包裂了个口子,-,-,2021-05-04
430,z**8,,好评,打开就有一股强烈的刺鼻的香精味道，还没有运费险，而且你打开了还不能退。慎重买,-,-,2021-04-30
431,w**o,,好评,包装品质：很完整 口感味道：很好喝 ,-,-,2021-02-23
432,t**5,,好评,一直都用这家的，非常好，回购一两次了，以后还会回购的 ,-,-,2021-02-23
433,y**8,,好评,包装无损，发货快。还没用，用了追评。 ,-,-,2021-03-14
434,郝**8,,好评,已经第二次购买了，一如既往的好,-,-,2021-02-28
435,t**6,,好评,买很多次了，孩子很喜欢，很满意！,-,-,2021-06-26
436,唐**7,,好评,很大一袋还没尝，喝过再来追评吧,-,-,2021-03-04
437,凝**q,,好评,味道很不错，喜欢喝，喝完再回购 ,-,-,2021-03-13
438,微**z,,好评,宝贝与描述基本一致，发货很快，值得一买,-,-,2021-02-24
439,陈**了,,好评,没有以前好喝了。味道不浓了,-,-,2021-04-28
440,小**头,,好评,老顾客了，味道很好！ ,-,-,2021-03-14
441,追**8,,好评,非常适合我的口味，吃完再来。好评！,-,-,2021-03-13
442,t**2,,好评,一直在用很好的产品 ,-,-,2021-03-04
443,d**1,,好评,回购几次，好喝,-,-,2021-03-16
444,t**0,,好评,好，半个月快喝完了,-,-,2021-06-24
445,t**6,,好评,好喝，就是有点废,-,-,2021-06-26
446,t**1,,好评,没收到，腊鸡店铺 ,-,-,2021-05-08
447,t**3,,好评,多次购买，就是涨价了 ,-,-,2021-06-24
448,t**4,,好评,还没喝，不知道味道怎么样,-,-,2021-05-05
449,崔**1,,好评,五星好评 ,-,-,2021-03-12
450,j**6,,好评,没有味道啊,-,-,2021-04-24
451,柠**白,,好评,给别人买的 ,-,-,2021-05-06
452,崔**1,,好评,一直都在用 ,-,-,2021-03-16
453,暂**吉,,好评,酸梅粉收到马上就自己调了一些   感觉味道没有我在别家买的好  这个调的比例要放的比较多味道才稍微好一点  ￼颜色看起来到是可以 ,-,-,2021-04-08
454,一**柳,,好评,味道还不错！价格也算合理！物流速度也很快！快递员辛苦了！ ,-,-,2021-01-09
455,t**7,,好评,味道还可以吧，不是特别好喝，但是也对得起这个价格了，能冲很多杯，感觉加冰了以后应该会很好喝。 ,-,-,2021-04-14
456,未**j,,好评,一大包感觉可以喝好久好久，味道还行，比我想象的稍微差一点，不过可以接受,-,-,2021-01-25
457,t**0,,好评,便宜又实惠挺好的有回购的欲望 ,-,-,2021-06-24
458,天**6,,好评,味道纯正，很好喝，虽然没到夏天，已经开始喝了。 ,-,-,2021-01-30
459,t**4,,好评,老顾客的 口感不错但是今年价格比去年一袋贵了三块钱呢,-,-,2021-04-05
460,张**1,,好评,长期在这儿购买，非常满意。需要的小伙伴可以下单了。👍👍👍,-,-,2021-01-16
461,l**威,,好评,垃圾东西不能喝啊添加剂太多了,-,-,2021-04-06
462,t**4,,好评,味道不错，就是不像酸梅粉，更像是添加剂，还是有点失望 ,-,-,2021-04-20
463,曾**云,,好评,好喝！便宜,-,-,2021-01-30
464,龙**牛,,好评,口感味道：一般 ,-,-,2021-04-14
465,淘**傲,,好评,味道好像不一样！太甜了些,-,-,2021-04-18
466,王**君,,好评,价廉物美，很划算。,-,-,2021-01-15
467,j**i,,好评,买了好几次了，一直挺好,-,-,2021-02-01
468,鬼**心,,好评,很好的卖家，已回购多次！,-,-,2021-01-15
469,t**3,,好评,非常好好喝，味正冰凉,-,-,2021-06-24
470,杨**杨,,好评,发货快五星好评发货快五星好,-,-,2021-01-18
471,《**》,,好评,😋😋冲水味道还可以 ,-,-,2021-01-04
472,l**7,,好评,很好喝，多次买了,-,-,2021-01-19
473,n**y,,好评,好，多次购买1 ,-,-,2021-01-25
474,2**6,,好评,多放点会好喝,-,-,2021-04-10
475,影**室,,好评,全是香精 太香了 不敢喝,-,-,2021-04-15
476,z**1,,好评,酸酸甜甜的很好喝 ,-,-,2021-06-22
477,简**5,,好评,还行吧挺好喝的 ,-,-,2021-01-21
478,f**糕,,好评,没那么好喝 ,-,-,2021-04-16
479,双**豆,,好评,买回来才发现好大一袋，物美价廉 ,-,-,2021-01-24
480,第**毛,,好评,高高兴兴到手,-,-,2021-04-08
481,y**5,,好评,还没喝，使用后再追！ ,-,-,2021-04-10
482,l**1,,好评,习惯好评,-,-,2021-04-15
483,紫**8,,好评,质量非常好，与卖家描述的完全一致，非常满意,-,-,2021-01-20
484,红**啊,,好评,很不错，在你家买了好几年了,-,-,2021-01-10
485,a**5,,好评,多次购买，不错的选择,-,-,2021-01-04
486,y**3,,好评,一直在买一直在买 ,-,-,2021-01-24
487,z**4,,好评,不错，易溶解 ,-,-,2021-01-16
488,疯**长,,好评,就这“我吐啦”,-,-,2021-03-20
489,6**肖,,好评,随时涨价，无语，老顾客也不优惠,-,-,2021-03-19
490,t**4,,好评,快递刚拿到就打开，发现袋子坏了哎，难受,-,-,2021-03-24
491,t**2,,好评,我留的地址是菜鸟驿站吗？？？？谁让你放菜鸟驿站的,-,-,2021-03-30
492,妤**雨,,好评,除了有些甜，其他都很好,-,-,2021-03-18
493,苏**s,,好评,两个字，很好喝。,-,-,2021-01-03
494,t**9,,好评,只酸不甜。。。,-,-,2021-06-25
495,t**3,,好评,很难喝，全大家别买，而且收到后袋子破了，很失望的一次购物,-,-,2021-06-24
496,t**4,,好评,味道特浓，其它还好,-,-,2021-02-09
497,全**y,,好评,哈利路亚,-,-,2021-02-21
498,站**了,,好评,袋子打开满屋都是味太腻了不大好闻，喝起来也味道一般和平时喝的感觉不是一个味,-,-,2021-01-31
499,x**9,,好评,发货太慢,-,-,2021-01-27
500,t**3,,好评,溶解难易：很容易溶解 没有结块 水温80度左右就能完全溶解 配件问题：不是散装 建议自备奶粉罐子装 不然容易受潮 口感味道：没有很腻的甜味 酸酸甜甜 充的浓的话也是酸大于甜 很清爽 ,-,-,2021-06-24
501,路**归,,好评,很容易化开，不会在水里成一疙瘩的😄口感还可以 ,-,-,2021-01-10
502,球**9,,好评,差，买的酸梅粉给我整个鲜橙粉，关键还是不好喝，一分价钱一分货，言至于此。,-,-,2021-01-18
503,乖**1,,好评,满满的一大包，味道跟外面卖的不一样，比较酸，不甜，口感不是很好  ,-,-,2021-01-18
504,z**8,,好评,超级难喝 大家千万别买 垃圾东西,超级难喝 大家千万别买 买回来品尝一下 还不能退 只能扔了,-,2021-01-04
505,可**虫,,好评,还没喝。但是第二次回购，感觉比别家的好喝,-,-,2021-01-18
506,宫**龙,,好评,挺好喝的，冷冲热冲都可以，就是弄不好量 ,-,-,2021-01-18
507,l**1,,好评,记不清第几次买了。,-,-,2021-01-12
508,t**3,,好评,多次购买，买就对了,-,-,2021-06-24
509,残**竹,,好评,收到啦，很不错，非常喜欢，值得购买，(*^__^*) 嘻嘻……五星好评，非常好！想不到那么快就到了！总体来说，确实很不错，客服的服务态度也很棒，说话几乎马上就会回消息，物超所值，真心推荐😃大品牌！值得信赖！效果超级好！贵有贵的道理！很棒的商品！ ,-,-,2021-07-01
510,小**谓,,好评,还行吧！值这个价格,-,-,2021-07-01
511,t**2,,好评,味道不错 好喝,-,-,2021-07-01
512,x**0,,好评,好喝得不得了,-,-,2021-07-01
513,x**k,,好评,识别关注二维码好评,-,-,2021-07-01
514,9**m,,好评,味道不错,-,-,2021-07-01
515,丁**苗,,好评,真的好👍👍👍👍👍👍👍👍👍比超市便宜10元👍,-,-,2021-05-06
516,5**旭,,好评,不会再上当，一样的价格不能买5送1，不会再光顾，差评  差评,买了五包还备注送橙子粉，居然都没回我信息直接发货，明显的欺骗消费者，差评,-,2021-02-25
517,元**6,,好评,味道很淡，没什么味，不建议购买 ,-,-,2021-01-13
518,张**丹,,好评,可以，挺好的、,-,-,2021-03-06
519,t**9,,好评,比之前买贵了一点 ,-,-,2021-06-25
520,微**安,,好评,包装品质：箱子漏了撒的哪哪都是 口感味道：就是糖水 ,-,-,2021-05-03
521,s**3,,好评,试了一下，不敢吃，,-,-,2021-05-20
522,9**咸,,好评,包装品质：带子漏了……洒了我一手，搞的电脑键盘上也是，无语子 口感味道：还挺好的 ,-,-,2021-04-21
523,t**5,,好评,不好,-,-,2021-03-01
524,小**6,,好评,有点酸,-,-,2021-03-24
525,歪**桐,,好评,酸,-,-,2021-06-24
526,q**5,,好评,味道好,-,-,2021-03-02
527,t**9,,好评,真不错,-,-,2021-06-25
528,韩**兴,,好评,口感好的,-,-,2021-05-18
529,t**2,,好评,好评！,-,-,2021-04-11
530,大**g,,好评,好好,-,-,2021-06-07
531,姚**诺,,好评,蛮好的。。。。 ,-,-,2021-06-25
532,i**6,,好评,还行。 ,-,-,2021-06-18
533,t**7,,好评,超级好,-,-,2021-03-12
534,郑**6,,好评,好好好！！,-,-,2021-05-30
535,t**6,,好评,好喝！,-,-,2021-06-26
536,陈**7,,好评,量挺大的,-,-,2021-06-21
537,g**0,,好评,太慢了,-,-,2021-05-29
538,猴**孙,,好评,很棒,-,-,2021-05-30
539,之**x,,好评,还好还好,-,-,2021-06-15
540,袁**s,,好评,回购 ,-,-,2021-06-14
541,t**9,,好评,味道好 ,-,-,2021-06-25
542,郑**6,,好评,好好好好！！！,-,-,2021-06-12
543,t**6,,好评,good,-,-,2021-06-26
544,t**7,,好评,好！ ,-,-,2021-06-10
545,曾**刀,,好评,挺不错的,-,-,2021-06-16
546,t**7,,好评,难喝 ,-,-,2021-04-08
547,9**g,,好评,蛮好喝的,-,-,2021-06-21
548,q**悠,,好评,还没喝。。。。。,-,-,2021-05-17
549,画**7,,好评,很好喝 ,-,-,2021-05-13
550,我**m,,好评,很好。,-,-,2021-05-27
551,l**4,,好评,一般,-,-,2021-06-06
552,浪**8,,好评,很甜 ,-,-,2021-06-16
553,淘**r,,好评,满分,-,-,2021-06-18
554,人**欢,,好评,不错不错！ ,-,-,2021-03-18
555,柴**3,,好评,有点酸 ,-,-,2021-05-27
556,乍**4,,好评,真不错 ,-,-,2021-05-27
557,s**欣,,好评,还不错 ,-,-,2021-06-23
558,t**0,,好评,偏酸,-,-,2021-06-24
559,t**0,,好评,太甜了 ,-,-,2021-06-24
560,g**k,,好评,好的 ,-,-,2021-03-19
561,x**l,,好评,嗯嗯嗯 ,-,-,2021-05-19
562,春**0,,好评,行,-,-,2021-06-19
563,t**2,,好评,不好喝 ,-,-,2021-05-25
564,c**6,,好评,实惠,-,-,2021-06-07
565,t**7,,好评,。,-,-,2021-06-19
566,博**8,,好评,很好！ ,-,-,2021-06-19
567,g**k,,好评,好的，复购 ,-,-,2021-06-24
568,t**3,,好评,快又好！,-,-,2021-06-24
569,t**0,,好评,还行,-,-,2021-06-24
570,圣**士,,好评,都是糖！,-,-,2021-06-12
571,t**5,,好评,回购,-,-,2021-01-23
572,t**7,,好评,很好！,-,-,2021-06-11
573,没**8,,好评,好评！！,-,-,2021-06-19
574,高**6,,好评,还行吧！ ,-,-,2021-06-10
575,t**4,,好评,超好喝,-,-,2021-03-16
576,t**1,,好评,很好很好很好,-,-,2021-06-24
577,杜**5,,好评,5分好评！,-,-,2021-06-01
578,t**8,,好评,好喝，,-,-,2021-06-22
579,机**人,,好评,收到 ,-,-,2021-05-27
580,小**n,,好评,好喝 ,-,-,2021-06-17
581,f**菇,,好评,宝贝收到，一如既往的好，包装很到位，质量还不错，很喜欢，大品牌值得信赖,-,-,2021-06-08
582,l**n,,好评,很好喝,-,-,2021-03-15
583,朱**7,,好评,很好喝,-,-,2021-06-26
584,l**洁,,好评,好,-,-,2021-06-07
585,t**2,,好评,好喝 ,-,-,2021-03-27
586,b**a,,好评,还不错,-,-,2021-06-16
587,y**o,,好评,不错 ,-,-,2021-05-10
588,小**5,,好评,可以,-,-,2021-06-08
589,t**1,,好评,好评,-,-,2021-04-26
590,围**5,,好评,好喝 ,-,-,2021-06-11
591,天**丽,,好评,此用户没有填写评价。,-,-,2021-01-31
592,h**s,,好评,挺好喝的,-,-,2021-05-27
593,f**9,,好评,"宝贝收到了，卖家发货很快，物流也非常给力,客服服务态度极好，很有耐心、给人一种亲切感，好喜欢。还有包装精美，高端大气上档次;看得出来商家很用心。宝贝真心不错，与图片相符，没有任何差异，真的是物超所值。 ",-,-,2021-06-22
594,j**4,,好评,满意,-,-,2021-03-16
595,t**4,,好评,好喝，味道纯正。这个真的太🉑了，🎁包装很精美，宝贝做工比较精细，商家特别好❤，有问题都及时处理👍，确实是一次相当满意的网购，还会再来的😘 ,-,-,2021-06-16
596,r**3,,好评,好,-,-,2021-05-05
597,海**。,,好评,全五星！服务一流！快递给力！溶解很快！口感相当好！品质值得信赖！ ,-,-,2021-06-23
598,石**1,,好评,好喝,-,-,2021-06-01
599,t**9,,好评,订货10天，没发货，一问啥也不知道，就说让我等,-,-,2021-06-25
600,5**雪,,好评,味道不错,-,-,2021-05-29
601,f**9,,好评,"宝贝收到了，卖家发货很快，物流也非常给力,客服服务态度极好，很有耐心、给人一种亲切感，好喜欢。还有包装精美，高端大气上档次;看得出来商家很用心。宝贝真心不错，与图片相符，没有任何差异，真的是物超所值。 ",-,-,2021-06-22
602,b**2,,好评,好评,-,-,2021-01-07
603,h**o,,好评,好,-,-,2021-02-18
604,w**2,,好评,味道不错。,-,-,2021-06-16
605,l**7,,好评,品质一级棒，包装也不错，物流很快，而且价格合理，很实惠，很喜欢,-,-,2021-05-27
606,t**5,,好评,很好,-,-,2021-06-24
607,钟**8,,好评,可以,-,-,2021-04-05
608,蜜**u,,好评,不错,-,-,2021-06-25
609,b**n,,好评,好 ,-,-,2021-04-28
610,t**3,,好评,价格很实惠，性价比很高，算是平价好物，会回购的发货快，包装严实，商品质量非常好，比专柜便宜很多，客服服务态度也特别好，好评,-,-,2021-06-24
611,b**5,,好评,💛看起来还不错，包装的很仔细，价格也非常公道，还会继续买买买！✌ ,-,-,2021-06-20
612,煤**黑,,好评,好评 ,-,-,2021-04-27
613,c**s,,好评,在这里选购安全方便快捷💜，快递小哥态度非常好，这个价格非常给力💪，十分推荐，会继续回购宝贝收到了，很惊喜，质量非常好，很满意的一次购物。我会继续回购的，店家值得信赖东西很满意哦，美观时尚大气，客服超级有耐心，服务细致贴心，大品牌就是不一样想买的别犹豫哇！没有廉价的感觉，很高端，特别棒！ ,-,-,2021-05-17
614,p**7,,好评,好,-,-,2021-06-26
615,s**e,,好评,糖太多，太甜了，酸度不够。喜欢甜的可以下单,-,-,2021-04-07
616,长**田,,好评,还不错,-,-,2021-06-25
617,t**6,,好评,好喝,-,-,2021-06-26
618,血**觞,,好评,还不错,-,-,2021-06-21
619,夜**狼,,好评,味道不错,-,-,2021-06-22
620,润**地,,好评,好,-,-,2021-06-26
621,小**朵,,好评,好评,-,-,2021-05-31
622,t**1,,好评,外观品相：包装盒差 配件问题：说好的买10送2 现在就发11包  我问客服 客服一直不回复 一直让机器人回复 如果没有送就直接说 没有送 又说是送俩包 何必呢 一点都不诚信  ,-,-,2021-04-08
623,w**3,,好评,✨已经多次购买了，家庭必备，购买价格实惠，送货速度很快，🎁包装也很精美,-,-,2021-06-10
624,l**2,,好评,多次购买 ,-,-,2021-06-20
625,心**人,,好评,此用户没有填写评价。,性价比很高，很实惠，使用起来感觉很好，非常完美.^◡^.性价比很高，很实惠，使用起来感觉很好，非常完美.^◡^.,-,2021-05-06
626,w**9,,好评,很好,-,-,2021-06-16
627,张**7,,好评,满意,-,-,2021-06-17
628,h**o,,好评,好,-,-,2021-03-17
629,t**9,,好评,上个月订的订单，这个月还没到，一问啥也不知道，丢了，还是没发货，客服态度极其恶劣！无奈,-,-,2021-06-25
630,寒**j,,好评,可以 ,-,-,2021-05-27
631,l**z,,好评,挺好的,-,-,2021-04-28
632,b**6,,好评,很好,-,-,2021-03-30
633,清**4,,好评,好评 ,-,-,2021-05-29
634,皎**阿,,好评,非常好喝 ,-,-,2021-05-27
635,x**f,,好评,味道不错。,-,-,2021-06-23
636,t**7,,好评,还不错,-,-,2021-01-22
637,贤**主,,好评,好,-,-,2021-06-22
638,z**3,,好评,好评 ,-,-,2021-06-20
639,t**5,,好评,此用户没有填写评价。,好,-,2021-02-01
640,等**旧,,好评,好评 ,-,-,2021-01-21
641,w**e,,好评,五分好评。,-,-,2021-05-26
642,伟**双,,好评,非常好,-,-,2021-02-23
643,t**2,,好评,好喝,-,-,2021-04-24
644,为**9,,好评,很好,-,-,2021-06-02
645,t**9,,好评,订货10天，没发货，一问啥也不知道，就说让我等,-,-,2021-06-25
646,青**8,,好评,满意,-,-,2021-06-18
647,w**8,,好评,不好意思评价晚了，非常好的店家，东西很喜欢！买来这个是送人的，她很喜欢,-,-,2021-04-23
648,微**z,,好评,在这里选购安全方便快捷💜，快递小哥态度非常好，这个价格非常给力💪，十分推荐，会继续回购,-,-,2021-03-19
649,月**茶,,好评,好,-,-,2021-05-23
650,b**5,,好评,物超所值，非常满意，期间有点小插曲，店家细致周到的服务让人很感动，祝生意兴隆，还会再来,-,-,2021-04-23
651,t**9,,好评,多次购买 ,-,-,2021-06-25
652,t**4,,好评,发货很快，包装的很好，价格也特别实惠，还有这么多功效也是不错了，值得购买发货很快，包装的很好，价格也特别实惠，还有这么多功效也是不错了，值得购买五星好评，非常好！想不到那么快就到了！一次很好的购物体验，服务周到，物流快速，配送也很周到，态度也很好，物有所值啊，果断好评！一次很好的购物体验，服务周到，物流快速，配送也很周到，态度也很好，物有所值啊，果断好评！ ,-,-,2021-06-21
653,t**2,,好评,好,-,-,2021-06-20
654,t**0,,好评,"宝贝收到了，卖家发货很快，物流也非常给力,客服服务态度极好，很有耐心、给人一种亲切感，好喜欢。还有包装精美，高端大气上档次;看得出来商家很用心。宝贝真心不错，与图片相符，没有任何差异，真的是物超所值，物美价廉啊。质量很好，下次还会再关顾!快递很给力，好评！发货快性价比高，给满分好评！",-,-,2021-06-24
655,与**6,,好评,质量非常好，与卖家描述的完全一致，非常满意，真的很喜欢，完全超出期望值，发货速度非常快，包装非常仔细、严实，物流公司服务态度很好，运送速度很快，很满意的一次购物。,-,-,2021-05-29
656,汐**8,,好评,宝贝不错满意好评,-,-,2021-06-11
657,n**星,,好评,好评 ,-,-,2021-01-13
658,c**0,,好评,好喝,-,-,2021-06-26
659,8**g,,好评,好评,-,-,2021-05-11
660,催**7,,好评,味道不错。,-,-,2021-06-21
661,7**雪,,好评,好评,-,-,2021-06-13
662,沐**园,,好评,不错,-,-,2021-04-02
663,t**9,,好评,🆒是正品，跟商店里买的是一样的，在这网购方便快捷，品质放心，还会光顾！.^◡^. ,-,-,2021-06-25
664,l**1,,好评,非常满意,-,-,2021-06-05
665,汐**8,,好评,宝贝不错满意好评,-,-,2021-05-26
666,t**9,,好评,上个月订的订单，这个月还没到，一问啥也不知道，丢了，还是没发货，客服态度极其恶劣！无奈,-,-,2021-06-25
667,z**雪,,好评,还可以,-,-,2021-06-09
668,t**1,,好评,很好,-,-,2021-06-21
669,t**9,,好评,此用户没有填写评价。,订货10天，没发货，一问啥也不知道，就说让我等,-,2021-06-25
670,封**穗,,好评,包装完整，无破损，发货速度快，优秀。这个味道不错，可以喝很久了。 ,-,-,2021-04-19
671,t**7,,好评,好,-,-,2021-05-25
672,t**6,,好评,挺好喝的,-,-,2021-06-26
673,大**士,,好评,第N次回购了，味道正，分量足，价格低，发货快 ,-,-,2021-06-06
674,t**0,,好评,口感不错,-,-,2021-06-24
675,邢**妃,,好评,不错不错 ,-,-,2021-03-25
676,a**9,,好评,味道不错。,-,-,2021-06-08
677,我**n,,好评,好,-,-,2021-02-04
678,钟**8,,好评,可以,-,-,2021-04-15
679,t**0,,好评,好,-,-,2021-06-24
680,t**7,,好评,很好,-,-,2021-01-14
681,t**0,,好评,还可以 ,-,-,2021-06-24
682,凌**儿,,好评,发货快，日期新，包装完好，价格合理。凉水易溶，口感好。 ,-,-,2021-06-21
683,c**5,,好评,好评,-,-,2021-05-20
684,t**5,,好评,真的不好喝  香精味特别浓 ,-,-,2021-06-11
685,w**e,,好评,五分好评。,-,-,2021-05-26
686,t**5,,好评,还可以。孩子喜欢喝 ,-,-,2021-06-08
687,h**3,,好评,还可以,-,-,2021-06-24
688,t**0,,好评,很好喝,-,-,2021-06-24
689,笑**2,,好评,此用户没有填写评价。,非常好,-,2021-06-01
690,t**4,,好评,挺好喝的,-,-,2021-04-12
691,月**茶,,好评,好,-,-,2021-05-23
692,常**食,,好评,很好,-,-,2021-06-16
693,t**2,,好评,好,-,-,2021-04-05
694,t**8,,好评,好,-,-,2021-06-22
695,妖**2,,好评,不错 ,-,-,2021-06-06
696,t**0,,好评,很好喝,-,-,2021-06-24
697,t**4,,好评,味道不错,-,-,2021-06-21
698,阳**4,,好评,很好,-,-,2021-05-29
699,好**在,,好评,好,-,-,2021-06-25
700,齐**彪,,好评,可以 ,-,-,2021-05-11
701,c**n,,好评,😃大品牌！值得信赖！效果超级好！贵有贵的道理！很棒的商品！质量很好哦，发货也很快，一家非常喜欢的店铺，我要疯狂推荐给朋友们宝贝很好，不得不说，客服态度也太好了吧！已经收到啦，很不错，还有赠品，性价比太高啦，爱了爱了跟实体店没有区别，还便宜，喜欢！物超所值，商品设计完美，外观也很高大上，让人爱不释手。客服更是热情的没话说，这次购物很满意宝贝收到了，很惊喜，质量非常好，很满意的一次购物。我会继续回购的，店家值得信赖绝对是最开心的一次购物，店家服务态度很好，售后也是终于买到满意的商品了，超出期望，非常喜欢，身边的人都问我要链接精挑细选很久✨，最后决定买这一款🎁，到货后果然没有让我失望，实物很漂亮🔮，做工很精细🌈，特别满意💖东西不错，还有优惠，可以放心省钱购买，不要犹豫了当时买的时候还在犹豫价格，买来之后一点都不后悔，而且物流还快，可以入手跟我在实体店买的一模一样！还是一样的好用，开心 ,-,-,2021-05-25
702,没**见,,好评,好喝 ,-,-,2021-06-15
703,多**熊,,好评,好喝,-,-,2021-05-22
704,我**瑞,,好评,还可以吧 ,-,-,2021-06-07
705,穿**8,,好评,产品包装精致美观大气，目前用着非常不错，真实评价，希望可以帮到集美们产品包装精致美观大气，目前用着非常不错，真实评价，希望可以帮到集美们,-,-,2021-05-26
706,钟**8,,好评,可以,-,-,2021-03-02
707,s**6,,好评,口感不错 ,-,-,2021-05-13
708,贺**i,,好评,挺好喝 ,-,-,2021-06-04
709,t**4,,好评,不错,-,-,2021-06-07
710,h**o,,好评,好,-,-,2021-05-30
711,b**f,,好评,不错 ,-,-,2021-06-17
712,t**9,,好评,糖太多，太甜了，酸度不够。喜欢甜的可以下单,-,-,2021-06-25
713,不**攀,,好评,此用户没有填写评价。,-,-,2021-06-03
714,l**z,,好评,挺好的,-,-,2021-05-22
715,w**3,,好评,特别特别特别好，没有任何破损的地方，外观也好看，好评！是理想中的产品，质量不错，物流也很快，值得点赞,-,-,2021-04-07
716,t**1,,好评,不错不错 ,-,-,2021-05-14
717,树**如,,好评,很好喝,-,-,2021-06-07
718,q**7,,好评,味道不错 ,-,-,2021-05-31
719,叮**3,,好评,好评 ,-,-,2021-06-11
720,t**3,,好评,不错 ,-,-,2021-06-24
721,t**9,,好评,此用户没有填写评价。,订货10天，没发货，一问啥也不知道，就说让我等,-,2021-06-25
722,s**n,,好评,挺好,-,-,2021-06-20
723,s**u,,好评,好,-,-,2021-04-07
724,t**9,,好评,此用户没有填写评价。,-,-,2021-06-25
725,n**星,,好评,好评 ,-,-,2021-01-04
726,l**8,,好评,好评 ,-,-,2021-06-06
727,t**6,,好评,挺好喝 ,-,-,2021-06-26
728,浪**1,,好评,不错,-,-,2021-06-16
729,芳**6,,好评,好喝 ,-,-,2021-03-12
730,g**8,,好评,挺好,-,-,2021-06-08
731,梧**a,,好评,挺好的,-,-,2021-05-28
732,l**w,,好评,好,-,-,2021-06-11
733,李**0,,好评,还可以吧 ,-,-,2021-06-09
734,海**油,,好评,很好,-,-,2021-01-15
735,l**8,,好评,此用户没有填写评价。,-,-,2021-05-31
736,x**3,,好评,好,-,-,2021-01-20
737,天**王,,好评,味道不错,-,-,2021-06-16
738,8**g,,好评,好评,-,-,2021-05-29
739,b**2,,好评,好评,-,-,2021-01-15
740,漫**那,,好评,满意,-,-,2021-06-11
741,黑**伤,,好评,很好,-,-,2021-05-30
742,7**静,,好评,不错,-,-,2021-05-30
743,w**2,,好评,好评,-,-,2021-05-23
744,l**i,,好评,好喝 ,-,-,2021-06-21
745,黑**伤,,好评,很好吃，实惠,-,-,2021-02-27
746,兰**羊,,好评,口感不错 ,-,-,2021-06-09
747,萌**n,,好评,味道不错,-,-,2021-06-22
748,y**n,,好评,好喝 ,-,-,2021-06-12
749,笔**9,,好评,性价比很高，很实惠，使用起来感觉很好，非常完美.^◡^. ,-,-,2021-04-15
750,t**9,,好评,此用户没有填写评价。,订货10天，没发货，一问啥也不知道，就说让我等,-,2021-06-25
751,天**冥,,好评,非常好喝 ,-,-,2021-05-29
752,北**妖,,好评,味道很好，很香，很喜欢，很好吃，还会再来的。 ,-,-,2021-05-13
753,t**9,,好评,此用户没有填写评价。,订货10天，没发货，一问啥也不知道，就说让我等,-,2021-06-25
754,t**9,,好评,上个月订的订单，这个月还没到，一问啥也不知道，丢了，还是没发货，客服态度极其恶劣！无奈,-,-,2021-06-25
755,张**3,,好评,好评,-,-,2021-06-25
756,t**5,,好评,好 ,-,-,2021-06-22
757,t**9,,好评,订货10天，没发货，一问啥也不知道，就说让我等,-,-,2021-06-25
758,吕**0,,好评,可以,-,-,2021-06-23
759,薛**熙,,好评,味道不错,-,-,2021-06-09
760,小**糊,,好评,不错,-,-,2021-05-20
761,钟**8,,好评,可以,-,-,2021-05-16
762,c**0,,好评,口感不错,-,-,2021-06-25
763,t**6,,好评,还可以 ,-,-,2021-06-26
764,王**9,,好评,味道不错 ,-,-,2021-04-01
765,木**8,,好评,非常满意,-,-,2021-04-19
766,t**1,,好评,非常好,-,-,2021-06-15
767,t**3,,好评,挺好喝的,-,-,2021-06-24
768,x**c,,好评,味道不错,-,-,2021-06-24
769,梓**陌,,好评,好,-,-,2021-06-06
770,韩**2,,好评,挺好的,-,-,2021-01-16
771,t**9,,好评,挺好喝的,-,-,2021-06-25
772,t**3,,好评,宝贝收到了，太惊喜了，质量非常好，性价比很高，真是出乎我的意料！挺好的，价格适中，质量看着不错产品真的超级棒，下次还会买的，愿越做越好，非常好的购物体验,-,-,2021-06-24
773,y**3,,好评,还不错,-,-,2021-06-16
774,钟**8,,好评,可以,-,-,2021-02-18
775,t**5,,好评,此用户没有填写评价。,-,-,2021-05-24
776,w**明,,好评,还不错,-,-,2021-06-05
777,t**8,,好评,很好喝,-,-,2021-06-22
778,t**9,,好评,订货10天，没发货，一问啥也不知道，就说让我等,-,-,2021-06-25
779,婉**2,,好评,好喝,-,-,2021-06-01
780,钟**生,,好评,还好,-,-,2021-04-20
781,懒**贝,,好评,还不错,-,-,2021-06-22
782,付**9,,好评,此用户没有填写评价。,-,-,2021-01-09
783,w**j,,好评,此用户没有填写评价。,-,-,2021-02-25
784,2**7,,好评,此用户没有填写评价。,-,-,2021-02-24
785,t**0,,好评,此用户没有填写评价。,-,-,2021-06-24
786,一**来,,好评,此用户没有填写评价。,-,-,2021-02-23
787,t**3,,好评,此用户没有填写评价。,-,-,2021-06-24
788,t**1,,好评,此用户没有填写评价。,-,-,2021-01-13
789,y**5,,好评,此用户没有填写评价。,-,-,2021-03-17
790,平**0,,好评,此用户没有填写评价。,-,-,2021-03-14
791,z**俊,,好评,此用户没有填写评价。,-,-,2021-03-16
792,t**0,,好评,此用户没有填写评价。,-,-,2021-06-24
793,狐**e,,好评,此用户没有填写评价。,-,-,2021-06-05
794,t**0,,好评,此用户没有填写评价。,-,-,2021-06-24
795,来**师,,好评,此用户没有填写评价。,-,-,2021-02-01
796,幻**幽,,好评,此用户没有填写评价。,-,-,2021-03-05
797,l**王,,好评,此用户没有填写评价。,-,-,2021-03-18
798,带**界,,好评,此用户没有填写评价。,-,-,2021-06-23
799,t**2,,好评,此用户没有填写评价。,-,-,2021-03-10
800,我**琪,,好评,此用户没有填写评价。,-,-,2021-05-02
801,宝**源,,好评,此用户没有填写评价。,-,-,2021-03-27
802,l**俊,,好评,此用户没有填写评价。,-,-,2021-04-21
803,小**了,,好评,此用户没有填写评价。,-,-,2021-06-18
804,x**3,,好评,此用户没有填写评价。,-,-,2021-04-22
805,w**5,,好评,此用户没有填写评价。,-,-,2021-06-26
806,z**3,,好评,此用户没有填写评价。,-,-,2021-04-20
807,k**0,,好评,此用户没有填写评价。,-,-,2021-01-03
808,n**m,,好评,此用户没有填写评价。,-,-,2021-01-16
809,c**8,,好评,此用户没有填写评价。,-,-,2021-05-13
810,l**虎,,好评,此用户没有填写评价。,-,-,2021-05-14
811,子**9,,好评,此用户没有填写评价。,-,-,2021-02-02
812,t**1,,好评,此用户没有填写评价。,-,-,2021-03-04
813,蓝**莓,,好评,此用户没有填写评价。,-,-,2021-05-18
814,t**1,,好评,此用户没有填写评价。,-,-,2021-02-01
815,w**3,,好评,此用户没有填写评价。,-,-,2021-01-11
816,哦**呵,,好评,此用户没有填写评价。,-,-,2021-04-08
817,t**3,,好评,此用户没有填写评价。,-,-,2021-06-24
818,我**谁,,好评,此用户没有填写评价。,-,-,2021-05-04
819,你**1,,好评,此用户没有填写评价。,-,-,2021-06-20
820,私**走,,好评,此用户没有填写评价。,-,-,2021-06-23
821,c**6,,好评,此用户没有填写评价。,-,-,2021-06-09
822,心**1,,好评,此用户没有填写评价。,-,-,2021-06-14
823,王**8,,好评,此用户没有填写评价。,-,-,2021-06-12
824,1**l,,好评,此用户没有填写评价。,-,-,2021-03-08
825,t**8,,好评,此用户没有填写评价。,-,-,2021-06-22
826,p**x,,好评,此用户没有填写评价。,-,-,2021-06-03
827,p**n,,好评,此用户没有填写评价。,-,-,2021-04-03
828,盒**3,,好评,此用户没有填写评价。,-,-,2021-04-25
829,l**3,,好评,此用户没有填写评价。,-,-,2021-05-26
830,我**0,,好评,此用户没有填写评价。,-,-,2021-05-27
831,王**8,,好评,此用户没有填写评价。,-,-,2021-03-09
832,桔**拉,,好评,此用户没有填写评价。,-,-,2021-01-04
833,雨**5,,好评,此用户没有填写评价。,-,-,2021-03-30
834,s**7,,好评,此用户没有填写评价。,-,-,2021-06-17
835,有**6,,好评,此用户没有填写评价。,-,-,2021-04-16
836,t**2,,好评,此用户没有填写评价。,-,-,2021-05-19
837,我**哟,,好评,此用户没有填写评价。,-,-,2021-06-24
838,t**8,,好评,此用户没有填写评价。,-,-,2021-06-22
839,胡**1,,好评,此用户没有填写评价。,-,-,2021-05-04
840,正**7,,好评,此用户没有填写评价。,-,-,2021-04-20
841,k**1,,好评,此用户没有填写评价。,-,-,2021-04-22
842,程**9,,好评,此用户没有填写评价。,-,-,2021-05-13
843,l**a,,好评,此用户没有填写评价。,-,-,2021-02-25
844,z**4,,好评,此用户没有填写评价。,-,-,2021-05-05
845,殷**8,,好评,此用户没有填写评价。,-,-,2021-05-16
846,h**1,,好评,此用户没有填写评价。,-,-,2021-06-19
847,我**p,,好评,此用户没有填写评价。,-,-,2021-05-18
848,浅**m,,好评,此用户没有填写评价。,-,-,2021-04-02
849,y**8,,好评,此用户没有填写评价。,-,-,2021-06-13
850,y**e,,好评,此用户没有填写评价。,-,-,2021-05-18
851,刘**8,,好评,此用户没有填写评价。,-,-,2021-06-10
852,东**3,,好评,此用户没有填写评价。,-,-,2021-05-13
853,s**4,,好评,此用户没有填写评价。,-,-,2021-05-22
854,t**5,,好评,此用户没有填写评价。,-,-,2021-06-15
855,t**0,,好评,此用户没有填写评价。,-,-,2021-06-24
856,紫**宇,,好评,此用户没有填写评价。,-,-,2021-01-25
857,赵**3,,好评,此用户没有填写评价。,-,-,2021-03-22
858,l**9,,好评,此用户没有填写评价。,-,-,2021-05-05
859,晴**瑜,,好评,此用户没有填写评价。,-,-,2021-06-16
860,旭**辉,,好评,此用户没有填写评价。,-,-,2021-06-14
861,g**n,,好评,此用户没有填写评价。,-,-,2021-06-06
862,c**n,,好评,此用户没有填写评价。,-,-,2021-01-11
863,t**8,,好评,此用户没有填写评价。,-,-,2021-06-22
864,1**你,,好评,此用户没有填写评价。,-,-,2021-03-29
865,t**6,,好评,此用户没有填写评价。,-,-,2021-06-26
866,愤**人,,好评,此用户没有填写评价。,-,-,2021-05-04
867,m**0,,好评,此用户没有填写评价。,-,-,2021-06-20
868,t**9,,好评,此用户没有填写评价。,-,-,2021-06-25
869,x**3,,好评,此用户没有填写评价。,-,-,2021-06-16
870,t**5,,好评,此用户没有填写评价。,-,-,2021-06-09
871,江**2,,好评,此用户没有填写评价。,-,-,2021-04-06
872,战**1,,好评,此用户没有填写评价。,-,-,2021-03-14
873,h**芬,,好评,此用户没有填写评价。,-,-,2021-06-15
874,c**9,,好评,此用户没有填写评价。,-,-,2021-05-21
875,k**7,,好评,此用户没有填写评价。,-,-,2021-04-06
876,爱**我,,好评,此用户没有填写评价。,-,-,2021-05-12
877,熙**y,,好评,此用户没有填写评价。,-,-,2021-06-19
878,k**8,,好评,此用户没有填写评价。,-,-,2021-06-15
879,t**7,,好评,此用户没有填写评价。,-,-,2021-06-15
880,t**3,,好评,此用户没有填写评价。,-,-,2021-06-24
881,龙**力,,好评,此用户没有填写评价。,-,-,2021-05-21
882,r**n,,好评,此用户没有填写评价。,-,-,2021-06-12
883,想**0,,好评,此用户没有填写评价。,-,-,2021-06-15
884,t**5,,好评,此用户没有填写评价。,-,-,2021-06-17
885,改**乐,,好评,此用户没有填写评价。,-,-,2021-04-05
886,w**0,,好评,此用户没有填写评价。,-,-,2021-06-25
887,t**9,,好评,此用户没有填写评价。,-,-,2021-06-25
888,崔**3,,好评,此用户没有填写评价。,-,-,2021-06-12
889,单**h,,好评,此用户没有填写评价。,-,-,2021-05-05
890,小**0,,好评,此用户没有填写评价。,-,-,2021-06-23
891,k**9,,好评,此用户没有填写评价。,-,-,2021-06-13
892,a**0,,好评,此用户没有填写评价。,-,-,2021-05-07
893,3**3,,好评,此用户没有填写评价。,-,-,2021-01-15
894,d**o,,好评,此用户没有填写评价。,-,-,2021-03-23
895,t**3,,好评,此用户没有填写评价。,-,-,2021-06-24
896,t**0,,好评,此用户没有填写评价。,-,-,2021-06-24
897,l**e,,好评,此用户没有填写评价。,-,-,2021-05-28
898,1**宝,,好评,此用户没有填写评价。,-,-,2021-05-10
899,w**t,,好评,此用户没有填写评价。,-,-,2021-06-11
900,1**g,,好评,此用户没有填写评价。,-,-,2021-01-30
901,默**染,,好评,此用户没有填写评价。,-,-,2021-06-09
902,板**4,,好评,此用户没有填写评价。,-,-,2021-06-02
903,t**6,,好评,此用户没有填写评价。,-,-,2021-06-26
904,l**7,,好评,此用户没有填写评价。,-,-,2021-06-02
905,t**7,,好评,此用户没有填写评价。,-,-,2021-03-19
906,龙**7,,好评,此用户没有填写评价。,-,-,2021-06-10
907,h**8,,好评,此用户没有填写评价。,-,-,2021-03-09
908,s**1,,好评,此用户没有填写评价。,-,-,2021-06-04
909,s**4,,好评,此用户没有填写评价。,-,-,2021-06-21
910,t**4,,好评,此用户没有填写评价。,-,-,2021-06-14
911,t**6,,好评,此用户没有填写评价。,-,-,2021-06-26
912,l**3,,好评,此用户没有填写评价。,-,-,2021-06-20
913,t**2,,好评,此用户没有填写评价。,-,-,2021-06-17
914,l**9,,好评,此用户没有填写评价。,-,-,2021-05-12
915,张**0,,好评,此用户没有填写评价。,-,-,2021-04-06
916,那**悲,,好评,此用户没有填写评价。,-,-,2021-06-20
917,z**f,,好评,此用户没有填写评价。,-,-,2021-05-13
918,7**z,,好评,此用户没有填写评价。,-,-,2021-05-20
919,孤**1,,好评,此用户没有填写评价。,-,-,2021-06-19
920,玉**3,,好评,此用户没有填写评价。,-,-,2021-01-17
921,t**2,,好评,此用户没有填写评价。,-,-,2021-06-22
922,星**柴,,好评,此用户没有填写评价。,-,-,2021-05-30
923,x**5,,好评,此用户没有填写评价。,-,-,2021-05-22
924,独**月,,好评,此用户没有填写评价。,-,-,2021-06-23
925,不**失,,好评,此用户没有填写评价。,-,-,2021-06-11
926,雯**2,,好评,此用户没有填写评价。,-,-,2021-04-20
927,t**4,,好评,此用户没有填写评价。,-,-,2021-05-25
928,吴**3,,好评,此用户没有填写评价。,-,-,2021-06-15
929,t**2,,好评,此用户没有填写评价。,-,-,2021-06-07
930,空**5,,好评,此用户没有填写评价。,-,-,2021-06-16
931,t**0,,好评,此用户没有填写评价。,-,-,2021-06-24
932,1**h,,好评,此用户没有填写评价。,-,-,2021-06-11
933,桂**8,,好评,此用户没有填写评价。,-,-,2021-06-23
934,仪**飞,,好评,此用户没有填写评价。,-,-,2021-05-10
935,t**4,,好评,此用户没有填写评价。,-,-,2021-05-24
936,你**够,,好评,此用户没有填写评价。,-,-,2021-06-13
937,北**学,,好评,此用户没有填写评价。,-,-,2021-06-10
938,t**3,,好评,此用户没有填写评价。,-,-,2021-06-24
939,黑**天,,好评,此用户没有填写评价。,-,-,2021-06-22
940,t**0,,好评,此用户没有填写评价。,-,-,2021-06-24
941,z**8,,好评,此用户没有填写评价。,-,-,2021-04-30
942,h**7,,好评,此用户没有填写评价。,-,-,2021-06-24
943,t**4,,好评,此用户没有填写评价。,-,-,2021-05-29
944,红**啊,,好评,此用户没有填写评价。,-,-,2021-04-05
945,t**3,,好评,此用户没有填写评价。,-,-,2021-06-24
946,i**4,,好评,此用户没有填写评价。,-,-,2021-04-21
947,陆**6,,好评,此用户没有填写评价。,-,-,2021-06-15
948,t**7,,好评,此用户没有填写评价。,-,-,2021-06-20
949,n**惜,,好评,此用户没有填写评价。,-,-,2021-06-05
950,t**1,,好评,此用户没有填写评价。,-,-,2021-06-04
951,快**2,,好评,此用户没有填写评价。,-,-,2021-05-15
952,v**姐,,好评,此用户没有填写评价。,-,-,2021-06-18
953,l**5,,好评,此用户没有填写评价。,-,-,2021-01-25
954,r**6,,好评,此用户没有填写评价。,-,-,2021-05-29
955,z**9,,好评,此用户没有填写评价。,-,-,2021-03-09
956,h**h,,好评,此用户没有填写评价。,-,-,2021-06-16
957,笨**1,,好评,此用户没有填写评价。,-,-,2021-06-18
958,路**下,,好评,此用户没有填写评价。,-,-,2021-06-02
959,不**思,,好评,此用户没有填写评价。,-,-,2021-03-11
960,t**3,,好评,此用户没有填写评价。,-,-,2021-06-24
961,花**o,,好评,此用户没有填写评价。,-,-,2021-05-15
962,y**4,,好评,此用户没有填写评价。,-,-,2021-06-13
963,月**茶,,好评,此用户没有填写评价。,-,-,2021-06-13
964,s**x,,好评,此用户没有填写评价。,-,-,2021-06-10
965,新**5,,好评,此用户没有填写评价。,-,-,2021-04-07
966,孤**6,,好评,此用户没有填写评价。,-,-,2021-05-05
967,j**0,,好评,此用户没有填写评价。,-,-,2021-06-03
968,z**8,,好评,此用户没有填写评价。,-,-,2021-04-10
969,你**便,,好评,此用户没有填写评价。,-,-,2021-06-14
970,冷**实,,好评,此用户没有填写评价。,-,-,2021-06-15
971,t**6,,好评,此用户没有填写评价。,-,-,2021-06-26
972,睢**品,,好评,此用户没有填写评价。,-,-,2021-06-04
973,香**品,,好评,此用户没有填写评价。,-,-,2021-06-01
974,黑**怀,,好评,此用户没有填写评价。,-,-,2021-06-07
975,下**1,,好评,此用户没有填写评价。,-,-,2021-06-20
976,弦**s,,好评,此用户没有填写评价。,-,-,2021-06-26
977,听**方,,好评,此用户没有填写评价。,-,-,2021-06-15
978,紫**粳,,好评,此用户没有填写评价。,-,-,2021-06-05
979,w**花,,好评,此用户没有填写评价。,-,-,2021-06-14
980,仙**缘,,好评,此用户没有填写评价。,-,-,2021-06-24
981,1**离,,好评,此用户没有填写评价。,-,-,2021-04-07
982,z**7,,好评,此用户没有填写评价。,-,-,2021-05-08
983,z**0,,好评,此用户没有填写评价。,-,-,2021-06-14
984,m**8,,好评,此用户没有填写评价。,-,-,2021-06-25
985,w**0,,好评,此用户没有填写评价。,-,-,2021-05-26
986,呵**8,,好评,此用户没有填写评价。,-,-,2021-06-25
987,z**3,,好评,此用户没有填写评价。,-,-,2021-01-06
988,t**5,,好评,此用户没有填写评价。,-,-,2021-05-18
989,1**0,,好评,此用户没有填写评价。,-,-,2021-04-25
990,施**晴,,好评,此用户没有填写评价。,-,-,2021-05-15
991,t**9,,好评,此用户没有填写评价。,-,-,2021-06-25
992,t**1,,好评,此用户没有填写评价。,-,-,2021-01-13
993,b**e,,好评,此用户没有填写评价。,-,-,2021-06-22
994,1**你,,好评,此用户没有填写评价。,-,-,2021-05-07
995,天**8,,好评,此用户没有填写评价。,-,-,2021-03-05
996,不**思,,好评,此用户没有填写评价。,-,-,2021-03-11
997,漫**滴,,好评,此用户没有填写评价。,-,-,2021-05-21
998,t**7,,好评,此用户没有填写评价。,-,-,2021-05-03
999,美**子,,好评,此用户没有填写评价。,-,-,2021-05-23
1000,四**呢,,好评,此用户没有填写评价。,-,-,2021-06-02
1001,体**2,,好评,此用户没有填写评价。,-,-,2021-06-24
1002,d**i,,好评,此用户没有填写评价。,-,-,2021-06-21
1003,喵**8,,好评,此用户没有填写评价。,-,-,2021-06-18
1004,一**2,,好评,此用户没有填写评价。,-,-,2021-04-11
1005,兔**9,,好评,此用户没有填写评价。,-,-,2021-05-10
1006,q**9,,好评,此用户没有填写评价。,-,-,2021-04-02
1007,爱**热,,好评,此用户没有填写评价。,-,-,2021-06-23
1008,欢**臭,,好评,此用户没有填写评价。,-,-,2021-06-25
1009,t**0,,好评,此用户没有填写评价。,-,-,2021-06-24
1010,请**九,,好评,此用户没有填写评价。,-,-,2021-06-13
1011,琳**1,,好评,此用户没有填写评价。,-,-,2021-05-18
1012,t**9,,好评,此用户没有填写评价。,-,-,2021-06-25
1013,兰**语,,好评,此用户没有填写评价。,-,-,2021-06-16
1014,每**2,,好评,此用户没有填写评价。,-,-,2021-05-24
1015,z**2,,好评,此用户没有填写评价。,-,-,2021-05-28
1016,芬**1,,好评,此用户没有填写评价。,-,-,2021-06-17
1017,牛**7,,好评,此用户没有填写评价。,-,-,2021-06-12
1018,t**5,,好评,此用户没有填写评价。,-,-,2021-05-18
1019,f**4,,好评,此用户没有填写评价。,-,-,2021-06-02
1020,挚**8,,好评,此用户没有填写评价。,-,-,2021-06-15
1021,阿**罗,,好评,此用户没有填写评价。,-,-,2021-06-20
1022,陈**1,,好评,此用户没有填写评价。,-,-,2021-06-17
1023,郑**3,,好评,此用户没有填写评价。,-,-,2021-05-13
1024,夜**2,,好评,此用户没有填写评价。,-,-,2021-04-23
1025,张**7,,好评,此用户没有填写评价。,-,-,2021-06-24
1026,l**恋,,好评,此用户没有填写评价。,-,-,2021-06-05
1027,叶**2,,好评,此用户没有填写评价。,-,-,2021-06-06
1028,b**i,,好评,此用户没有填写评价。,-,-,2021-06-02
1029,曾**3,,好评,此用户没有填写评价。,-,-,2021-06-05
1030,t**4,,好评,此用户没有填写评价。,-,-,2021-03-12
1031,d**n,,好评,此用户没有填写评价。,-,-,2021-06-12
1032,一**！,,好评,此用户没有填写评价。,-,-,2021-05-29
1033,q**2,,好评,此用户没有填写评价。,-,-,2021-05-16
1034,h**6,,好评,此用户没有填写评价。,-,-,2021-06-17
1035,w**3,,好评,此用户没有填写评价。,-,-,2021-05-31
1036,t**1,,好评,此用户没有填写评价。,-,-,2021-03-13
1037,z**8,,好评,此用户没有填写评价。,-,-,2021-05-06
1038,t**7,,好评,此用户没有填写评价。,-,-,2021-06-05
1039,园**冷,,好评,此用户没有填写评价。,-,-,2021-04-22
1040,一**路,,好评,此用户没有填写评价。,-,-,2021-05-28
1041,紫**2,,好评,此用户没有填写评价。,-,-,2021-06-16
1042,y**1,,好评,此用户没有填写评价。,-,-,2021-05-24
1043,星**8,,好评,此用户没有填写评价。,-,-,2021-05-14
1044,飞**鹅,,好评,此用户没有填写评价。,-,-,2021-05-27
1045,t**8,,好评,此用户没有填写评价。,-,-,2021-06-22
1046,h**云,,好评,此用户没有填写评价。,-,-,2021-06-14
1047,t**2,,好评,此用户没有填写评价。,-,-,2021-06-11
1048,t**6,,好评,此用户没有填写评价。,-,-,2021-06-26
1049,洋**糖,,好评,此用户没有填写评价。,-,-,2021-01-29
1050,玉**香,,好评,此用户没有填写评价。,-,-,2021-05-19
1051,x**7,,好评,此用户没有填写评价。,-,-,2021-05-02
1052,张**6,,好评,此用户没有填写评价。,-,-,2021-03-08
1053,t**5,,好评,此用户没有填写评价。,-,-,2021-03-20
1054,t**4,,好评,此用户没有填写评价。,-,-,2021-05-27
1055,t**0,,好评,此用户没有填写评价。,-,-,2021-06-24
1056,飞**3,,好评,此用户没有填写评价。,-,-,2021-06-23
1057,t**6,,好评,此用户没有填写评价。,-,-,2021-06-26
1058,倾**y,,好评,此用户没有填写评价。,-,-,2021-04-01
1059,q**6,,好评,此用户没有填写评价。,-,-,2021-05-09
1060,驴**活,,好评,此用户没有填写评价。,-,-,2021-04-13
1061,本**7,,好评,此用户没有填写评价。,-,-,2021-05-13
1062,t**5,,好评,此用户没有填写评价。,-,-,2021-05-28
1063,t**3,,好评,此用户没有填写评价。,-,-,2021-06-24
1064,星**5,,好评,此用户没有填写评价。,-,-,2021-03-18
1065,璇**g,,好评,此用户没有填写评价。,-,-,2021-06-13
1066,风**平,,好评,此用户没有填写评价。,-,-,2021-03-12
1067,k**m,,好评,此用户没有填写评价。,-,-,2021-04-03
1068,t**7,,好评,此用户没有填写评价。,-,-,2021-06-21
1069,q**7,,好评,此用户没有填写评价。,-,-,2021-03-31
1070,战**1,,好评,此用户没有填写评价。,-,-,2021-04-26
1071,国**晨,,好评,此用户没有填写评价。,-,-,2021-06-18
1072,溜**钱,,好评,此用户没有填写评价。,-,-,2021-05-26
1073,兮**家,,好评,此用户没有填写评价。,-,-,2021-04-22
1074,笑**妨,,好评,此用户没有填写评价。,-,-,2021-06-17
1075,h**0,,好评,此用户没有填写评价。,-,-,2021-06-26
1076,车**1,,好评,此用户没有填写评价。,-,-,2021-04-25
1077,b**c,,好评,此用户没有填写评价。,-,-,2021-03-14
1078,三**8,,好评,此用户没有填写评价。,-,-,2021-06-25
1079,t**5,,好评,此用户没有填写评价。,-,-,2021-06-08
1080,t**8,,好评,此用户没有填写评价。,-,-,2021-06-22
1081,珍**5,,好评,此用户没有填写评价。,-,-,2021-06-17
1082,言**语,,好评,此用户没有填写评价。,-,-,2021-05-30
1083,y**4,,好评,此用户没有填写评价。,-,-,2021-06-26
1084,t**5,,好评,此用户没有填写评价。,-,-,2021-02-24
1085,暖**y,,好评,此用户没有填写评价。,-,-,2021-06-25
1086,t**3,,好评,此用户没有填写评价。,-,-,2021-06-24
1087,l**0,,好评,此用户没有填写评价。,-,-,2021-06-25
1088,影**修,,好评,此用户没有填写评价。,-,-,2021-04-27
1089,t**4,,好评,此用户没有填写评价。,-,-,2021-05-24
1090,我**～,,好评,此用户没有填写评价。,-,-,2021-06-26
1091,x**1,,好评,此用户没有填写评价。,-,-,2021-06-20
1092,孙**8,,好评,此用户没有填写评价。,-,-,2021-06-21
1093,赵**3,,好评,此用户没有填写评价。,-,-,2021-06-13
1094,k**1,,好评,此用户没有填写评价。,-,-,2021-06-05
1095,n**y,,好评,此用户没有填写评价。,-,-,2021-03-10
1096,辰**帝,,好评,此用户没有填写评价。,-,-,2021-03-31
1097,z**5,,好评,此用户没有填写评价。,-,-,2021-06-09
1098,张**6,,好评,此用户没有填写评价。,-,-,2021-06-14
1099,宝**5,,好评,此用户没有填写评价。,-,-,2021-03-12
1100,q**1,,好评,此用户没有填写评价。,-,-,2021-05-27
1101,t**4,,好评,此用户没有填写评价。,-,-,2021-06-06
1102,袁**裕,,好评,此用户没有填写评价。,-,-,2021-06-07
1103,文**龙,,好评,此用户没有填写评价。,-,-,2021-05-09
1104,y**o,,好评,此用户没有填写评价。,-,-,2021-06-23
1105,w**g,,好评,此用户没有填写评价。,-,-,2021-06-14
1106,吖**哟,,好评,此用户没有填写评价。,-,-,2021-06-12
1107,q**9,,好评,此用户没有填写评价。,-,-,2021-06-22
1108,t**1,,好评,此用户没有填写评价。,-,-,2021-04-09
1109,t**0,,好评,此用户没有填写评价。,-,-,2021-06-24
1110,向**家,,好评,此用户没有填写评价。,-,-,2021-06-04
1111,t**1,,好评,此用户没有填写评价。,-,-,2021-06-05
1112,l**2,,好评,此用户没有填写评价。,-,-,2021-04-25
1113,x**2,,好评,此用户没有填写评价。,-,-,2021-06-23
1114,7**贝,,好评,此用户没有填写评价。,-,-,2021-06-24
1115,女**4,,好评,此用户没有填写评价。,-,-,2021-06-02
1116,班**安,,好评,此用户没有填写评价。,-,-,2021-04-15
1117,深**1,,好评,此用户没有填写评价。,-,-,2021-04-11
1118,5**双,,好评,此用户没有填写评价。,-,-,2021-05-27
1119,念**3,,好评,此用户没有填写评价。,-,-,2021-06-16
1120,8**m,,好评,此用户没有填写评价。,-,-,2021-06-02
1121,欣**苒,,好评,此用户没有填写评价。,-,-,2021-04-10
1122,洪**震,,好评,此用户没有填写评价。,-,-,2021-06-18
1123,将**4,,好评,此用户没有填写评价。,-,-,2021-05-19
1124,高**4,,好评,此用户没有填写评价。,-,-,2021-05-07
1125,七**8,,好评,此用户没有填写评价。,-,-,2021-06-12
1126,t**4,,好评,此用户没有填写评价。,-,-,2021-06-15
1127,公**i,,好评,此用户没有填写评价。,-,-,2021-03-24
1128,欢**好,,好评,此用户没有填写评价。,-,-,2021-06-05
1129,一**c,,好评,此用户没有填写评价。,-,-,2021-01-17
1130,t**7,,好评,此用户没有填写评价。,-,-,2021-06-13
1131,张**远,,好评,此用户没有填写评价。,-,-,2021-06-16
1132,t**8,,好评,此用户没有填写评价。,-,-,2021-06-22
1133,h**1,,好评,此用户没有填写评价。,-,-,2021-06-04
1134,m**3,,好评,此用户没有填写评价。,-,-,2021-06-16
1135,艾**1,,好评,此用户没有填写评价。,-,-,2021-06-16
1136,a**0,,好评,此用户没有填写评价。,-,-,2021-05-27
1137,黑**1,,好评,此用户没有填写评价。,-,-,2021-06-25
1138,t**9,,好评,此用户没有填写评价。,-,-,2021-06-25
1139,紫**2,,好评,此用户没有填写评价。,-,-,2021-01-10
1140,星**9,,好评,此用户没有填写评价。,-,-,2021-06-08
1141,f**4,,好评,此用户没有填写评价。,-,-,2021-05-11
1142,旺**0,,好评,此用户没有填写评价。,-,-,2021-06-16
1143,x**g,,好评,此用户没有填写评价。,-,-,2021-03-09
1144,为**界,,好评,此用户没有填写评价。,-,-,2021-05-29
1145,朱**7,,好评,此用户没有填写评价。,-,-,2021-05-20
1146,t**4,,好评,此用户没有填写评价。,-,-,2021-06-26
1147,孟**5,,好评,此用户没有填写评价。,-,-,2021-06-25
1148,浓**情,,好评,此用户没有填写评价。,-,-,2021-04-22
1149,t**0,,好评,此用户没有填写评价。,-,-,2021-06-24
1150,励**3,,好评,此用户没有填写评价。,-,-,2021-06-17
1151,p**r,,好评,此用户没有填写评价。,-,-,2021-03-24
1152,t**6,,好评,此用户没有填写评价。,-,-,2021-06-26
1153,独**3,,好评,此用户没有填写评价。,-,-,2021-04-01
1154,a**t,,好评,此用户没有填写评价。,-,-,2021-06-23
1155,甜**6,,好评,此用户没有填写评价。,-,-,2021-06-25
1156,c**0,,好评,此用户没有填写评价。,-,-,2021-06-05
1157,t**3,,好评,此用户没有填写评价。,-,-,2021-06-24
1158,t**9,,好评,此用户没有填写评价。,-,-,2021-06-25
1159,t**3,,好评,此用户没有填写评价。,-,-,2021-06-24
1160,飞**鹅,,好评,此用户没有填写评价。,-,-,2021-06-06
1161,t**8,,好评,此用户没有填写评价。,-,-,2021-06-22
1162,y**r,,好评,此用户没有填写评价。,-,-,2021-06-03
1163,m**i,,好评,此用户没有填写评价。,-,-,2021-05-07
1164,风**的,,好评,此用户没有填写评价。,-,-,2021-06-12
1165,冰**竹,,好评,此用户没有填写评价。,-,-,2021-05-27
1166,t**5,,好评,此用户没有填写评价。,-,-,2021-04-25
1167,t**9,,好评,此用户没有填写评价。,-,-,2021-06-25
1168,聪**哥,,好评,此用户没有填写评价。,-,-,2021-06-17
1169,紫**蝶,,好评,此用户没有填写评价。,-,-,2021-05-11
1170,冈**付,,好评,此用户没有填写评价。,-,-,2021-05-21
1171,宝**i,,好评,此用户没有填写评价。,-,-,2021-06-22
1172,t**7,,好评,此用户没有填写评价。,-,-,2021-05-15
1173,t**2,,好评,此用户没有填写评价。,-,-,2021-06-26
1174,t**0,,好评,此用户没有填写评价。,-,-,2021-06-24
1175,皓**宝,,好评,此用户没有填写评价。,-,-,2021-05-23
1176,射**郭,,好评,此用户没有填写评价。,-,-,2021-06-19
1177,亡**真,,好评,此用户没有填写评价。,-,-,2021-05-13
1178,折**7,,好评,此用户没有填写评价。,-,-,2021-05-15
1179,2**遥,,好评,此用户没有填写评价。,-,-,2021-05-25
1180,j**q,,好评,此用户没有填写评价。,-,-,2021-06-15
1181,t**9,,好评,此用户没有填写评价。,-,-,2021-06-25
1182,z**婧,,好评,此用户没有填写评价。,-,-,2021-05-24
1183,我**费,,好评,此用户没有填写评价。,-,-,2021-05-25
1184,t**6,,好评,此用户没有填写评价。,-,-,2021-06-26
1185,康**啊,,好评,此用户没有填写评价。,-,-,2021-06-03
1186,t**5,,好评,此用户没有填写评价。,-,-,2021-06-10
1187,t**5,,好评,此用户没有填写评价。,-,-,2021-06-07
1188,成**4,,好评,此用户没有填写评价。,-,-,2021-03-02
1189,回**t,,好评,此用户没有填写评价。,-,-,2021-06-17
1190,红**啊,,好评,此用户没有填写评价。,-,-,2021-06-06
1191,t**7,,好评,此用户没有填写评价。,-,-,2021-06-13
1192,胡**牛,,好评,此用户没有填写评价。,-,-,2021-06-10
1193,t**1,,好评,此用户没有填写评价。,-,-,2021-06-15
1194,l**n,,好评,此用户没有填写评价。,-,-,2021-04-05
1195,小**年,,好评,此用户没有填写评价。,-,-,2021-04-09
1196,t**0,,好评,此用户没有填写评价。,-,-,2021-06-24
1197,t**1,,好评,此用户没有填写评价。,-,-,2021-04-19
1198,侵**r,,好评,此用户没有填写评价。,-,-,2021-06-12
1199,宇**浪,,好评,此用户没有填写评价。,-,-,2021-06-14
1200,t**7,,好评,此用户没有填写评价。,-,-,2021-05-07
1201,牛**5,,好评,此用户没有填写评价。,-,-,2021-06-18
1202,t**9,,好评,此用户没有填写评价。,-,-,2021-06-25
1203,程**后,,好评,此用户没有填写评价。,-,-,2021-05-09
1204,玉**香,,好评,此用户没有填写评价。,-,-,2021-03-04
1205,旱**云,,好评,此用户没有填写评价。,-,-,2021-06-11
1206,t**3,,好评,此用户没有填写评价。,-,-,2021-06-24
1207,宇**琳,,好评,此用户没有填写评价。,-,-,2021-03-11
1208,t**1,,好评,此用户没有填写评价。,-,-,2021-06-16
1209,l**6,,好评,此用户没有填写评价。,-,-,2021-06-26
1210,t**8,,好评,此用户没有填写评价。,-,-,2021-06-22
1211,珀**尘,,好评,此用户没有填写评价。,-,-,2021-06-01
1212,爱**了,,好评,此用户没有填写评价。,-,-,2021-05-30
1213,向**路,,好评,此用户没有填写评价。,-,-,2021-06-12
1214,仲**场,,好评,此用户没有填写评价。,-,-,2021-06-22
1215,x**2,,好评,此用户没有填写评价。,-,-,2021-06-25
1216,s**1,,好评,此用户没有填写评价。,-,-,2021-06-12
1217,孙**8,,好评,此用户没有填写评价。,-,-,2021-06-17
1218,晗**6,,好评,此用户没有填写评价。,-,-,2021-06-24
1219,t**6,,好评,此用户没有填写评价。,-,-,2021-06-26
1220,t**6,,好评,此用户没有填写评价。,-,-,2021-06-26
1221,t**8,,好评,此用户没有填写评价。,-,-,2021-06-22
1222,z**0,,好评,此用户没有填写评价。,-,-,2021-05-24
1223,潘**8,,好评,此用户没有填写评价。,-,-,2021-05-05
1224,t**8,,好评,此用户没有填写评价。,-,-,2021-06-22
1225,青**1,,好评,此用户没有填写评价。,-,-,2021-05-17
1226,董**0,,好评,此用户没有填写评价。,-,-,2021-03-16
1227,t**4,,好评,此用户没有填写评价。,-,-,2021-06-17
1228,颜**初,,好评,此用户没有填写评价。,-,-,2021-05-15
1229,t**9,,好评,此用户没有填写评价。,-,-,2021-06-25
1230,手**花,,好评,此用户没有填写评价。,-,-,2021-06-24
1231,z**1,,好评,此用户没有填写评价。,-,-,2021-06-22
1232,沙**的,,好评,此用户没有填写评价。,-,-,2021-05-27
1233,静**7,,好评,此用户没有填写评价。,-,-,2021-06-18
1234,a**4,,好评,此用户没有填写评价。,-,-,2021-06-01
1235,t**2,,好评,此用户没有填写评价。,-,-,2021-03-14
1236,杨**b,,好评,此用户没有填写评价。,-,-,2021-01-29
1237,真**8,,好评,此用户没有填写评价。,-,-,2021-03-23
1238,太**啡,,好评,此用户没有填写评价。,-,-,2021-05-22
1239,t**9,,好评,此用户没有填写评价。,-,-,2021-06-25
1240,飞**鹅,,好评,此用户没有填写评价。,-,-,2021-06-15
1241,看**a,,好评,此用户没有填写评价。,-,-,2021-03-29
1242,琳**1,,好评,此用户没有填写评价。,-,-,2021-06-01
1243,t**8,,好评,此用户没有填写评价。,-,-,2021-06-22
1244,稚**萌,,好评,此用户没有填写评价。,-,-,2021-05-13
1245,y**8,,好评,此用户没有填写评价。,-,-,2021-03-25
1246,h**3,,好评,此用户没有填写评价。,-,-,2021-06-09
1247,幸**8,,好评,此用户没有填写评价。,-,-,2021-05-06
1248,k**羽,,好评,此用户没有填写评价。,-,-,2021-03-22
1249,t**5,,好评,此用户没有填写评价。,-,-,2021-05-31
1250,a**e,,好评,此用户没有填写评价。,-,-,2021-06-19
1251,倾**希,,好评,此用户没有填写评价。,-,-,2021-06-14
1252,豪**3,,好评,此用户没有填写评价。,-,-,2021-05-02
1253,t**6,,好评,此用户没有填写评价。,-,-,2021-06-26
1254,y**安,,好评,此用户没有填写评价。,-,-,2021-06-25
1255,残**忆,,好评,此用户没有填写评价。,-,-,2021-06-16
1256,k**9,,好评,此用户没有填写评价。,-,-,2021-06-13
1257,t**9,,好评,此用户没有填写评价。,-,-,2021-06-25
1258,刘**4,,好评,此用户没有填写评价。,-,-,2021-06-10
1259,我**烟,,好评,此用户没有填写评价。,-,-,2021-06-06
1260,独**铮,,好评,此用户没有填写评价。,-,-,2021-06-11
1261,1**x,,好评,此用户没有填写评价。,-,-,2021-03-23
1262,桃**e,,好评,此用户没有填写评价。,-,-,2021-06-02
1263,黄**4,,好评,此用户没有填写评价。,-,-,2021-06-22
1264,t**5,,好评,此用户没有填写评价。,-,-,2021-06-16
1265,小**a,,好评,此用户没有填写评价。,-,-,2021-05-06
1266,海**k,,好评,此用户没有填写评价。,-,-,2021-06-24
1267,高**4,,好评,此用户没有填写评价。,-,-,2021-06-14
1268,s**e,,好评,此用户没有填写评价。,-,-,2021-04-07
1269,c**6,,好评,此用户没有填写评价。,-,-,2021-06-20
1270,如**2,,好评,此用户没有填写评价。,-,-,2021-05-02
1271,d**他,,好评,此用户没有填写评价。,-,-,2021-06-01
1272,z**7,,好评,此用户没有填写评价。,-,-,2021-04-06
1273,a**6,,好评,此用户没有填写评价。,-,-,2021-04-07
1274,林**9,,好评,此用户没有填写评价。,-,-,2021-06-26
1275,m**9,,好评,此用户没有填写评价。,-,-,2021-06-05
1276,换**拉,,好评,此用户没有填写评价。,-,-,2021-06-23
1277,t**0,,好评,此用户没有填写评价。,-,-,2021-06-24
1278,陪**雨,,好评,此用户没有填写评价。,-,-,2021-06-24
1279,l**e,,好评,此用户没有填写评价。,-,-,2021-06-20
1280,l**5,,好评,此用户没有填写评价。,-,-,2021-06-11
1281,t**5,,好评,此用户没有填写评价。,-,-,2021-05-12
1282,x**9,,好评,此用户没有填写评价。,-,-,2021-06-12
1283,y**升,,好评,此用户没有填写评价。,-,-,2021-01-31
1284,w**7,,好评,此用户没有填写评价。,-,-,2021-04-20
1285,云**9,,好评,此用户没有填写评价。,-,-,2021-06-07
1286,逆**8,,好评,此用户没有填写评价。,-,-,2021-03-12
1287,小**公,,好评,此用户没有填写评价。,-,-,2021-06-15
1288,t**8,,好评,此用户没有填写评价。,-,-,2021-06-22
1289,芽**长,,好评,此用户没有填写评价。,-,-,2021-06-23
1290,浓**情,,好评,此用户没有填写评价。,-,-,2021-06-09
1291,甜**头,,好评,此用户没有填写评价。,-,-,2021-05-06
1292,王**3,,好评,此用户没有填写评价。,-,-,2021-06-21
1293,平**师,,好评,此用户没有填写评价。,-,-,2021-06-19
1294,t**5,,好评,此用户没有填写评价。,-,-,2021-04-24
1295,l**8,,好评,此用户没有填写评价。,-,-,2021-04-24
1296,s**岑,,好评,此用户没有填写评价。,-,-,2021-05-01
1297,t**1,,好评,此用户没有填写评价。,-,-,2021-03-19
1298,h**珍,,好评,此用户没有填写评价。,-,-,2021-06-16
1299,y**8,,好评,此用户没有填写评价。,-,-,2021-02-27
1300,1**1,,好评,此用户没有填写评价。,-,-,2021-06-14
1301,l**5,,好评,此用户没有填写评价。,-,-,2021-03-21
1302,再**贱,,好评,此用户没有填写评价。,-,-,2021-06-12
1303,t**8,,好评,此用户没有填写评价。,-,-,2021-06-22
1304,5**玲,,好评,此用户没有填写评价。,-,-,2021-05-27
1305,范**市,,好评,此用户没有填写评价。,-,-,2021-05-22
1306,c**9,,好评,此用户没有填写评价。,-,-,2021-05-24
1307,t**2,,好评,此用户没有填写评价。,-,-,2021-05-26
1308,青**场,,好评,此用户没有填写评价。,-,-,2021-06-16
1309,茜**1,,好评,此用户没有填写评价。,-,-,2021-06-16
1310,j**0,,好评,此用户没有填写评价。,-,-,2021-04-12
1311,t**2,,好评,此用户没有填写评价。,-,-,2021-06-05
1312,t**7,,好评,此用户没有填写评价。,-,-,2021-03-08
1313,周**9,,好评,此用户没有填写评价。,-,-,2021-06-21
1314,旧**图,,好评,此用户没有填写评价。,-,-,2021-03-18
1315,e**3,,好评,此用户没有填写评价。,-,-,2021-06-03
1316,黄**y,,好评,此用户没有填写评价。,-,-,2021-05-15
1317,有**钱,,好评,此用户没有填写评价。,-,-,2021-04-19
1318,我**哦,,好评,此用户没有填写评价。,-,-,2021-06-11
1319,0**0,,好评,此用户没有填写评价。,-,-,2021-06-24
1320,t**5,,好评,此用户没有填写评价。,-,-,2021-06-07
1321,安**7,,好评,此用户没有填写评价。,-,-,2021-06-21
1322,渠**峰,,好评,此用户没有填写评价。,-,-,2021-06-06
1323,忆**芙,,好评,此用户没有填写评价。,-,-,2021-05-15
1324,t**9,,好评,此用户没有填写评价。,-,-,2021-06-25
1325,嘟**4,,好评,此用户没有填写评价。,-,-,2021-05-22
1326,t**0,,好评,此用户没有填写评价。,-,-,2021-06-24
1327,t**7,,好评,此用户没有填写评价。,-,-,2021-04-05
1328,阿**h,,好评,此用户没有填写评价。,-,-,2021-04-06
1329,t**7,,好评,此用户没有填写评价。,-,-,2021-05-26
1330,h**2,,好评,此用户没有填写评价。,-,-,2021-04-05
1331,t**2,,好评,此用户没有填写评价。,-,-,2021-06-09
1332,t**i,,好评,此用户没有填写评价。,-,-,2021-05-10
1333,余**8,,好评,此用户没有填写评价。,-,-,2021-04-24
1334,l**8,,好评,此用户没有填写评价。,-,-,2021-06-18
1335,y**3,,好评,此用户没有填写评价。,-,-,2021-06-23
1336,x**3,,好评,此用户没有填写评价。,-,-,2021-06-14
1337,银**6,,好评,此用户没有填写评价。,-,-,2021-01-08
1338,我**哦,,好评,此用户没有填写评价。,-,-,2021-06-01
1339,一**妹,,好评,此用户没有填写评价。,-,-,2021-05-20
1340,y**8,,好评,此用户没有填写评价。,-,-,2021-01-21
1341,将**睡,,好评,此用户没有填写评价。,-,-,2021-06-26
1342,t**3,,好评,此用户没有填写评价。,-,-,2021-06-24
1343,刘**k,,好评,此用户没有填写评价。,-,-,2021-06-14
1344,t**3,,好评,此用户没有填写评价。,-,-,2021-06-24
1345,高**英,,好评,此用户没有填写评价。,-,-,2021-06-01
1346,y**s,,好评,此用户没有填写评价。,-,-,2021-06-13
1347,t**2,,好评,此用户没有填写评价。,-,-,2021-05-23
1348,苗**3,,好评,此用户没有填写评价。,-,-,2021-05-24
1349,明**i,,好评,此用户没有填写评价。,-,-,2021-04-23
1350,t**4,,好评,此用户没有填写评价。,-,-,2021-05-23
1351,y**4,,好评,此用户没有填写评价。,-,-,2021-06-08
1352,威**6,,好评,此用户没有填写评价。,-,-,2021-05-27
1353,低**3,,好评,此用户没有填写评价。,-,-,2021-06-12
1354,t**2,,好评,此用户没有填写评价。,-,-,2021-06-08
1355,朱**1,,好评,此用户没有填写评价。,-,-,2021-06-19
1356,t**0,,好评,此用户没有填写评价。,-,-,2021-06-24
1357,巍**续,,好评,此用户没有填写评价。,-,-,2021-06-02
1358,p**n,,好评,此用户没有填写评价。,-,-,2021-06-21
1359,我**林,,好评,此用户没有填写评价。,-,-,2021-05-03
1360,t**1,,好评,此用户没有填写评价。,-,-,2021-05-30
1361,一**d,,好评,此用户没有填写评价。,-,-,2021-06-20
1362,精**4,,好评,此用户没有填写评价。,-,-,2021-06-13
1363,王**辉,,好评,此用户没有填写评价。,-,-,2021-05-19
1364,夏**晨,,好评,此用户没有填写评价。,-,-,2021-05-27
1365,九**个,,好评,此用户没有填写评价。,-,-,2021-05-05
1366,t**9,,好评,此用户没有填写评价。,-,-,2021-06-25
1367,泣**心,,好评,此用户没有填写评价。,-,-,2021-06-22
1368,t**8,,好评,此用户没有填写评价。,-,-,2021-06-22
1369,t**7,,好评,此用户没有填写评价。,-,-,2021-06-18
1370,临**5,,好评,此用户没有填写评价。,-,-,2021-06-21
1371,t**8,,好评,此用户没有填写评价。,-,-,2021-06-22
1372,t**9,,好评,此用户没有填写评价。,-,-,2021-06-25
1373,s**x,,好评,此用户没有填写评价。,-,-,2021-01-04
1374,m**9,,好评,此用户没有填写评价。,-,-,2021-05-09
1375,我**谁,,好评,此用户没有填写评价。,-,-,2021-06-24
1376,t**7,,好评,此用户没有填写评价。,-,-,2021-06-23
1377,狂**草,,好评,此用户没有填写评价。,-,-,2021-04-21
1378,y**u,,好评,此用户没有填写评价。,-,-,2021-06-21
1379,一**吼,,好评,此用户没有填写评价。,-,-,2021-06-01
1380,鹤**7,,好评,此用户没有填写评价。,-,-,2021-06-02
1381,大**了,,好评,此用户没有填写评价。,-,-,2021-06-16
1382,n**2,,好评,此用户没有填写评价。,-,-,2021-05-07
1383,花**角,,好评,此用户没有填写评价。,-,-,2021-05-10
1384,舒**程,,好评,此用户没有填写评价。,-,-,2021-05-31
1385,女**3,,好评,此用户没有填写评价。,-,-,2021-05-16
1386,玫**0,,好评,此用户没有填写评价。,-,-,2021-06-07
1387,1**y,,好评,此用户没有填写评价。,-,-,2021-06-05
1388,t**6,,好评,此用户没有填写评价。,-,-,2021-06-26
1389,飞**3,,好评,此用户没有填写评价。,-,-,2021-04-29
1390,滴**紫,,好评,此用户没有填写评价。,-,-,2021-06-25
1391,钢**铁,,好评,此用户没有填写评价。,-,-,2021-03-10
1392,t**5,,好评,此用户没有填写评价。,-,-,2021-05-15
1393,盛**哥,,好评,此用户没有填写评价。,-,-,2021-06-10
1394,拾**6,,好评,此用户没有填写评价。,-,-,2021-03-28
1395,沙**1,,好评,此用户没有填写评价。,-,-,2021-01-29
1396,t**4,,好评,此用户没有填写评价。,-,-,2021-06-13
1397,t**8,,好评,此用户没有填写评价。,-,-,2021-06-22
1398,t**1,,好评,此用户没有填写评价。,-,-,2021-04-04
1399,洛**行,,好评,此用户没有填写评价。,-,-,2021-06-26
1400,y**8,,好评,此用户没有填写评价。,-,-,2021-06-19
1401,t**7,,好评,此用户没有填写评价。,-,-,2021-06-24
1402,快**7,,好评,此用户没有填写评价。,-,-,2021-05-14
1403,s**1,,好评,此用户没有填写评价。,-,-,2021-04-06
1404,汐**子,,好评,此用户没有填写评价。,-,-,2021-06-21
1405,t**0,,好评,此用户没有填写评价。,-,-,2021-06-24
1406,w**3,,好评,此用户没有填写评价。,-,-,2021-05-24
1407,记**鱼,,好评,此用户没有填写评价。,-,-,2021-06-17
1408,p**z,,好评,此用户没有填写评价。,-,-,2021-06-04
1409,鑫**暖,,好评,此用户没有填写评价。,-,-,2021-06-18
1410,t**3,,好评,此用户没有填写评价。,-,-,2021-06-24
1411,花**o,,好评,此用户没有填写评价。,-,-,2021-05-15
1412,t**8,,好评,此用户没有填写评价。,-,-,2021-06-22
1413,t**5,,好评,此用户没有填写评价。,-,-,2021-03-15
1414,璇**g,,好评,此用户没有填写评价。,-,-,2021-02-05
1415,c**h,,好评,此用户没有填写评价。,-,-,2021-01-05
1416,z**0,,好评,此用户没有填写评价。,-,-,2021-03-15
1417,红**5,,好评,此用户没有填写评价。,-,-,2021-05-17
1418,c**9,,好评,此用户没有填写评价。,-,-,2021-05-16
1419,执**念,,好评,此用户没有填写评价。,-,-,2021-06-17
1420,天**乐,,好评,此用户没有填写评价。,-,-,2021-06-02
1421,k**e,,好评,此用户没有填写评价。,-,-,2021-05-05
1422,x**9,,好评,此用户没有填写评价。,-,-,2021-06-15
1423,t**1,,好评,此用户没有填写评价。,-,-,2021-06-11
1424,7**绿,,好评,此用户没有填写评价。,-,-,2021-06-04
1425,s**心,,好评,此用户没有填写评价。,-,-,2021-05-12
1426,t**0,,好评,此用户没有填写评价。,-,-,2021-06-24
1427,z**9,,好评,此用户没有填写评价。,-,-,2021-05-13
1428,俏**6,,好评,此用户没有填写评价。,-,-,2021-05-16
1429,d**0,,好评,此用户没有填写评价。,-,-,2021-06-07
1430,t**8,,好评,此用户没有填写评价。,-,-,2021-06-22
1431,琳**1,,好评,此用户没有填写评价。,-,-,2021-06-21
1432,t**1,,好评,此用户没有填写评价。,-,-,2021-04-08
1433,s**n,,好评,此用户没有填写评价。,-,-,2021-04-03
1434,痛**5,,好评,此用户没有填写评价。,-,-,2021-04-11
1435,b**你,,好评,此用户没有填写评价。,-,-,2021-05-17
1436,我**z,,好评,此用户没有填写评价。,-,-,2021-06-20
1437,1**d,,好评,此用户没有填写评价。,-,-,2021-04-06
1438,m**q,,好评,此用户没有填写评价。,-,-,2021-04-29
1439,l**0,,好评,此用户没有填写评价。,-,-,2021-05-25
1440,s**a,,好评,此用户没有填写评价。,-,-,2021-06-07
1441,千**爱,,好评,此用户没有填写评价。,-,-,2021-05-26
1442,李**2,,好评,此用户没有填写评价。,-,-,2021-04-10
1443,懒**季,,好评,此用户没有填写评价。,-,-,2021-05-19
1444,b**u,,好评,此用户没有填写评价。,-,-,2021-05-25
1445,z**8,,好评,此用户没有填写评价。,-,-,2021-06-22
1446,y**4,,好评,此用户没有填写评价。,-,-,2021-06-05
1447,暖**夏,,好评,此用户没有填写评价。,-,-,2021-03-21
1448,1**z,,好评,此用户没有填写评价。,-,-,2021-05-28
1449,t**3,,好评,此用户没有填写评价。,-,-,2021-06-24
1450,爱**妹,,好评,此用户没有填写评价。,-,-,2021-05-08
1451,t**4,,好评,此用户没有填写评价。,-,-,2021-04-19
1452,花**4,,好评,此用户没有填写评价。,-,-,2021-06-21
1453,l**e,,好评,此用户没有填写评价。,-,-,2021-06-16
1454,勇**0,,好评,此用户没有填写评价。,-,-,2021-06-23
1455,t**0,,好评,此用户没有填写评价。,-,-,2021-06-24
1456,亲**啊,,好评,此用户没有填写评价。,-,-,2021-05-30
1457,五**3,,好评,此用户没有填写评价。,-,-,2021-06-21
1458,t**0,,好评,此用户没有填写评价。,-,-,2021-06-24
1459,找**求,,好评,此用户没有填写评价。,-,-,2021-06-09
1460,忆**草,,好评,此用户没有填写评价。,-,-,2021-06-05
1461,欢**1,,好评,此用户没有填写评价。,-,-,2021-06-10
1462,三**门,,好评,此用户没有填写评价。,-,-,2021-04-10
1463,m**5,,好评,此用户没有填写评价。,-,-,2021-05-30
1464,t**7,,好评,此用户没有填写评价。,-,-,2021-05-26
1465,w**1,,好评,此用户没有填写评价。,-,-,2021-05-03
1466,就**哒,,好评,此用户没有填写评价。,-,-,2021-06-15
1467,赵**5,,好评,此用户没有填写评价。,-,-,2021-04-02
1468,l**6,,好评,此用户没有填写评价。,-,-,2021-06-22
1469,t**0,,好评,此用户没有填写评价。,-,-,2021-06-24
1470,王**8,,好评,此用户没有填写评价。,-,-,2021-01-19
1471,马**f,,好评,此用户没有填写评价。,-,-,2021-04-13
1472,不**8,,好评,此用户没有填写评价。,-,-,2021-05-04
1473,洁**康,,好评,此用户没有填写评价。,-,-,2021-04-18
1474,爵**n,,好评,此用户没有填写评价。,-,-,2021-06-11
1475,俺**6,,好评,此用户没有填写评价。,-,-,2021-06-24
1476,t**0,,好评,此用户没有填写评价。,-,-,2021-06-24
1477,不**4,,好评,此用户没有填写评价。,-,-,2021-03-20
1478,丶**t,,好评,此用户没有填写评价。,-,-,2021-05-12
1479,t**8,,好评,此用户没有填写评价。,-,-,2021-06-22
1480,北**1,,好评,此用户没有填写评价。,-,-,2021-05-26
1481,南**k,,好评,此用户没有填写评价。,-,-,2021-05-16
1482,c**l,,好评,此用户没有填写评价。,-,-,2021-05-26
1483,x**2,,好评,此用户没有填写评价。,-,-,2021-05-17
1484,活**草,,好评,此用户没有填写评价。,-,-,2021-05-21
1485,c**0,,好评,此用户没有填写评价。,-,-,2021-06-23
1486,t**0,,好评,此用户没有填写评价。,-,-,2021-06-24
1487,宝**开,,好评,此用户没有填写评价。,-,-,2021-06-22
1488,z**0,,好评,此用户没有填写评价。,-,-,2021-05-22
1489,晶**9,,好评,此用户没有填写评价。,-,-,2021-05-19
1490,进**爷,,好评,此用户没有填写评价。,-,-,2021-01-23
1491,a**5,,好评,此用户没有填写评价。,-,-,2021-05-08
1492,z**o,,好评,此用户没有填写评价。,-,-,2021-06-06
1493,t**1,,好评,此用户没有填写评价。,-,-,2021-01-09
1494,丁**5,,好评,此用户没有填写评价。,-,-,2021-05-14
1495,c**1,,好评,此用户没有填写评价。,-,-,2021-05-15
1496,柠**儿,,好评,此用户没有填写评价。,-,-,2021-06-12
1497,嘿**3,,好评,此用户没有填写评价。,-,-,2021-04-21
1498,y**5,,好评,此用户没有填写评价。,-,-,2021-01-22
1499,t**3,,好评,此用户没有填写评价。,-,-,2021-06-24
1500,y**6,,好评,此用户没有填写评价。,-,-,2021-05-13
1501,t**6,,好评,此用户没有填写评价。,-,-,2021-06-26
1502,t**7,,好评,此用户没有填写评价。,-,-,2021-05-23
1503,想**3,,好评,此用户没有填写评价。,-,-,2021-06-18
1504,热**0,,好评,此用户没有填写评价。,-,-,2021-05-08
1505,一**g,,好评,此用户没有填写评价。,-,-,2021-06-03
1506,小**主,,好评,此用户没有填写评价。,-,-,2021-06-08
1507,未**雪,,好评,此用户没有填写评价。,-,-,2021-06-20
1508,阿**3,,好评,此用户没有填写评价。,-,-,2021-01-02
1509,小**3,,好评,此用户没有填写评价。,-,-,2021-05-30
1510,t**3,,好评,此用户没有填写评价。,-,-,2021-06-24
1511,z**7,,好评,此用户没有填写评价。,-,-,2021-05-08
1512,孤**2,,好评,此用户没有填写评价。,-,-,2021-05-21
1513,g**t,,好评,此用户没有填写评价。,-,-,2021-05-12
1514,t**3,,好评,此用户没有填写评价。,-,-,2021-06-24
1515,t**糖,,好评,此用户没有填写评价。,-,-,2021-06-09
1516,t**3,,好评,此用户没有填写评价。,-,-,2021-06-24
1517,尚**香,,好评,此用户没有填写评价。,-,-,2021-06-09
1518,笑**见,,好评,此用户没有填写评价。,-,-,2021-06-18
1519,晚**仁,,好评,此用户没有填写评价。,-,-,2021-06-18
1520,干**个,,好评,此用户没有填写评价。,-,-,2021-06-05
1521,t**7,,好评,此用户没有填写评价。,-,-,2021-06-25
1522,e**2,,好评,此用户没有填写评价。,-,-,2021-05-09
1523,i**n,,好评,此用户没有填写评价。,-,-,2021-05-30
1524,t**1,,好评,此用户没有填写评价。,-,-,2021-06-09
1525,t**5,,好评,此用户没有填写评价。,-,-,2021-06-24
1526,华**命,,好评,此用户没有填写评价。,-,-,2021-05-17
1527,正**8,,好评,此用户没有填写评价。,-,-,2021-06-01
1528,t**1,,好评,此用户没有填写评价。,-,-,2021-06-18
1529,没**有,,好评,此用户没有填写评价。,-,-,2021-06-18
1530,杨**8,,好评,此用户没有填写评价。,-,-,2021-06-20
1531,m**3,,好评,此用户没有填写评价。,-,-,2021-05-23
1532,d**5,,好评,此用户没有填写评价。,-,-,2021-06-22
1533,t**8,,好评,此用户没有填写评价。,-,-,2021-06-22
1534,琼**月,,好评,此用户没有填写评价。,-,-,2021-06-26
1535,童**1,,好评,此用户没有填写评价。,-,-,2021-05-01
1536,x**8,,好评,此用户没有填写评价。,-,-,2021-03-16
1537,y**3,,好评,此用户没有填写评价。,-,-,2021-06-06
1538,欣**8,,好评,此用户没有填写评价。,-,-,2021-06-17
1539,子**逝,,好评,此用户没有填写评价。,-,-,2021-06-08
1540,英**云,,好评,此用户没有填写评价。,-,-,2021-06-16
1541,t**6,,好评,此用户没有填写评价。,-,-,2021-06-26
1542,t**3,,好评,此用户没有填写评价。,-,-,2021-06-24
1543,t**1,,好评,此用户没有填写评价。,-,-,2021-06-15
1544,t**4,,好评,此用户没有填写评价。,-,-,2021-06-09
1545,y**0,,好评,此用户没有填写评价。,-,-,2021-06-10
1546,t**1,,好评,此用户没有填写评价。,-,-,2021-06-26
1547,若**4,,好评,此用户没有填写评价。,-,-,2021-06-21
1548,张**8,,好评,此用户没有填写评价。,-,-,2021-06-23
1549,压**油,,好评,此用户没有填写评价。,-,-,2021-06-23
1550,温**宝,,好评,此用户没有填写评价。,-,-,2021-06-19
1551,s**1,,好评,此用户没有填写评价。,-,-,2021-06-13
1552,s**0,,好评,此用户没有填写评价。,-,-,2021-05-02
1553,y**e,,好评,此用户没有填写评价。,-,-,2021-06-21
1554,上**卡,,好评,此用户没有填写评价。,-,-,2021-06-23
1555,t**0,,好评,此用户没有填写评价。,-,-,2021-06-24
1556,随**4,,好评,此用户没有填写评价。,-,-,2021-06-15
1557,t**7,,好评,此用户没有填写评价。,-,-,2021-06-14
1558,t**6,,好评,此用户没有填写评价。,-,-,2021-06-26
1559,d**丹,,好评,此用户没有填写评价。,-,-,2021-06-08
1560,夏**辉,,好评,此用户没有填写评价。,-,-,2021-06-18
1561,j**1,,好评,此用户没有填写评价。,-,-,2021-06-21
1562,t**7,,好评,此用户没有填写评价。,-,-,2021-06-10
1563,蔚**思,,好评,此用户没有填写评价。,-,-,2021-06-11
1564,一**路,,好评,此用户没有填写评价。,-,-,2021-06-17
1565,y**4,,好评,此用户没有填写评价。,-,-,2021-04-14
1566,血**媒,,好评,此用户没有填写评价。,-,-,2021-06-02
1567,t**9,,好评,此用户没有填写评价。,-,-,2021-06-25
1568,菇**i,,好评,此用户没有填写评价。,-,-,2021-06-22
1569,开**8,,好评,此用户没有填写评价。,-,-,2021-06-06
1570,1**u,,好评,此用户没有填写评价。,-,-,2021-06-08
1571,“**”,,好评,此用户没有填写评价。,-,-,2021-04-10
1572,t**3,,好评,此用户没有填写评价。,-,-,2021-06-24
1573,布**4,,好评,此用户没有填写评价。,-,-,2021-02-22
1574,可**g,,好评,此用户没有填写评价。,-,-,2021-01-10
1575,t**5,,好评,此用户没有填写评价。,-,-,2021-05-22
1576,t**2,,好评,此用户没有填写评价。,-,-,2021-03-04
1577,芝**州,,好评,此用户没有填写评价。,-,-,2021-06-18
1578,w**7,,好评,此用户没有填写评价。,-,-,2021-06-19
1579,t**9,,好评,此用户没有填写评价。,-,-,2021-06-25
1580,t**5,,好评,此用户没有填写评价。,-,-,2021-05-11
1581,翟**1,,好评,此用户没有填写评价。,-,-,2021-06-11
1582,我**狂,,好评,此用户没有填写评价。,-,-,2021-06-15
1583,t**4,,好评,此用户没有填写评价。,-,-,2021-06-15
1584,墨**5,,好评,此用户没有填写评价。,-,-,2021-05-30
1585,梁**吼,,好评,此用户没有填写评价。,-,-,2021-06-10
1586,t**9,,好评,此用户没有填写评价。,-,-,2021-06-25
1587,s**e,,好评,此用户没有填写评价。,-,-,2021-06-05
1588,h**8,,好评,此用户没有填写评价。,-,-,2021-05-22
1589,阮**源,,好评,此用户没有填写评价。,-,-,2021-05-04
1590,z**4,,好评,此用户没有填写评价。,-,-,2021-06-17
1591,t**9,,好评,此用户没有填写评价。,-,-,2021-06-25
1592,l**3,,好评,此用户没有填写评价。,-,-,2021-06-03
1593,p**n,,好评,此用户没有填写评价。,-,-,2021-06-04
1594,川**5,,好评,此用户没有填写评价。,-,-,2021-05-17
1595,d**e,,好评,此用户没有填写评价。,-,-,2021-04-02
1596,t**6,,好评,此用户没有填写评价。,-,-,2021-06-26
1597,丨**沫,,好评,此用户没有填写评价。,-,-,2021-06-25
1598,唐**奇,,好评,此用户没有填写评价。,-,-,2021-06-06
1599,平**b,,好评,此用户没有填写评价。,-,-,2021-03-22
1600,行**5,,好评,此用户没有填写评价。,-,-,2021-05-21
1601,b**6,,好评,此用户没有填写评价。,-,-,2021-05-15
1602,x**x,,好评,此用户没有填写评价。,-,-,2021-05-30
1603,李**5,,好评,此用户没有填写评价。,-,-,2021-03-24
1604,小**媛,,好评,此用户没有填写评价。,-,-,2021-06-12
1605,阳**煌,,好评,此用户没有填写评价。,-,-,2021-06-06
1606,t**3,,好评,此用户没有填写评价。,-,-,2021-06-24
1607,t**0,,好评,此用户没有填写评价。,-,-,2021-06-24
1608,网**泽,,好评,此用户没有填写评价。,-,-,2021-06-16
1609,灰**酷,,好评,此用户没有填写评价。,-,-,2021-05-26
1610,玉**香,,好评,此用户没有填写评价。,-,-,2021-06-12
1611,黑**l,,好评,此用户没有填写评价。,-,-,2021-03-04
1612,赵**3,,好评,此用户没有填写评价。,-,-,2021-06-18
1613,贾**锔,,好评,此用户没有填写评价。,-,-,2021-05-29
1614,t**1,,好评,此用户没有填写评价。,-,-,2021-01-27
1615,t**1,,好评,此用户没有填写评价。,-,-,2021-04-12
1616,w**3,,好评,此用户没有填写评价。,-,-,2021-05-26
1617,t**4,,好评,此用户没有填写评价。,-,-,2021-03-27
1618,t**1,,好评,此用户没有填写评价。,-,-,2021-06-26
1619,可**5,,好评,此用户没有填写评价。,-,-,2021-06-24
1620,s**u,,好评,此用户没有填写评价。,-,-,2021-03-02
1621,王**8,,好评,此用户没有填写评价。,-,-,2021-04-26
1622,兔**3,,好评,此用户没有填写评价。,-,-,2021-06-23
1623,t**1,,好评,此用户没有填写评价。,-,-,2021-05-29
1624,n**3,,好评,此用户没有填写评价。,-,-,2021-03-22
1625,高**1,,好评,此用户没有填写评价。,-,-,2021-06-10
1626,t**1,,好评,此用户没有填写评价。,-,-,2021-04-16
1627,t**5,,好评,此用户没有填写评价。,-,-,2021-05-03
1628,t**2,,好评,此用户没有填写评价。,-,-,2021-05-12
1629,t**9,,好评,此用户没有填写评价。,-,-,2021-06-25
1630,w**1,,好评,此用户没有填写评价。,-,-,2021-01-22
1631,t**4,,好评,此用户没有填写评价。,-,-,2021-04-11
1632,兔**1,,好评,此用户没有填写评价。,-,-,2021-06-12
1633,吕**阳,,好评,此用户没有填写评价。,-,-,2021-04-05
1634,向**路,,好评,此用户没有填写评价。,-,-,2021-04-01
1635,t**8,,好评,此用户没有填写评价。,-,-,2021-06-22
1636,猎**儿,,好评,此用户没有填写评价。,-,-,2021-04-20
1637,柔**飞,,好评,此用户没有填写评价。,-,-,2021-04-09
1638,l**8,,好评,此用户没有填写评价。,-,-,2021-05-12
1639,t**6,,好评,此用户没有填写评价。,-,-,2021-06-26
1640,t**2,,好评,此用户没有填写评价。,-,-,2021-05-14
1641,2**u,,好评,此用户没有填写评价。,-,-,2021-05-27
1642,孙**r,,好评,此用户没有填写评价。,-,-,2021-02-04
1643,向**时,,好评,此用户没有填写评价。,-,-,2021-05-15
1644,奔**0,,好评,此用户没有填写评价。,-,-,2021-03-31
1645,依**9,,好评,此用户没有填写评价。,-,-,2021-06-16
1646,曹**a,,好评,此用户没有填写评价。,-,-,2021-05-13
1647,t**2,,好评,此用户没有填写评价。,-,-,2021-06-23
1648,t**9,,好评,此用户没有填写评价。,-,-,2021-06-25
1649,付**8,,好评,此用户没有填写评价。,-,-,2021-05-17
1650,m**1,,好评,此用户没有填写评价。,-,-,2021-05-29
1651,t**3,,好评,此用户没有填写评价。,-,-,2021-06-24
1652,徐**9,,好评,此用户没有填写评价。,-,-,2021-04-09
1653,锦**伙,,好评,此用户没有填写评价。,-,-,2021-05-19
1654,a**4,,好评,此用户没有填写评价。,-,-,2021-06-18
1655,w**8,,好评,此用户没有填写评价。,-,-,2021-06-11
1656,h**u,,好评,此用户没有填写评价。,-,-,2021-06-10
1657,百**心,,好评,此用户没有填写评价。,-,-,2021-05-19
1658,t**2,,好评,此用户没有填写评价。,-,-,2021-06-24
1659,t**1,,好评,此用户没有填写评价。,-,-,2021-06-07
1660,雍**飞,,好评,此用户没有填写评价。,-,-,2021-02-25
1661,t**5,,好评,此用户没有填写评价。,-,-,2021-04-02
1662,日**琦,,好评,此用户没有填写评价。,-,-,2021-01-02
1663,月**桃,,好评,此用户没有填写评价。,-,-,2021-05-29
1664,t**9,,好评,此用户没有填写评价。,-,-,2021-06-25
1665,t**9,,好评,此用户没有填写评价。,-,-,2021-06-25
1666,卡**4,,好评,此用户没有填写评价。,-,-,2021-04-21
1667,a**g,,好评,此用户没有填写评价。,-,-,2021-06-20
1668,不**叶,,好评,此用户没有填写评价。,-,-,2021-06-21
1669,赵**8,,好评,此用户没有填写评价。,-,-,2021-06-10
1670,就**某,,好评,此用户没有填写评价。,-,-,2021-04-29
1671,想**3,,好评,此用户没有填写评价。,-,-,2021-06-12
1672,无**嘿,,好评,此用户没有填写评价。,-,-,2021-05-25
1673,9**水,,好评,此用户没有填写评价。,-,-,2021-04-14
1674,l**n,,好评,此用户没有填写评价。,-,-,2021-06-02
1675,取**吧,,好评,此用户没有填写评价。,-,-,2021-05-19
1676,h**乖,,好评,此用户没有填写评价。,-,-,2021-06-19
1677,t**7,,好评,此用户没有填写评价。,-,-,2021-06-13
1678,t**2,,好评,此用户没有填写评价。,-,-,2021-04-18
1679,喵**说,,好评,此用户没有填写评价。,-,-,2021-06-17
1680,野**2,,好评,此用户没有填写评价。,-,-,2021-06-01
1681,转**阁,,好评,此用户没有填写评价。,-,-,2021-06-25
1682,我**蚊,,好评,此用户没有填写评价。,-,-,2021-06-08
1683,蓝**2,,好评,此用户没有填写评价。,-,-,2021-06-09
1684,z**3,,好评,此用户没有填写评价。,-,-,2021-06-17
1685,s**1,,好评,此用户没有填写评价。,-,-,2021-06-21
1686,t**0,,好评,此用户没有填写评价。,-,-,2021-06-24
1687,小**啦,,好评,此用户没有填写评价。,-,-,2021-05-21
1688,h**6,,好评,此用户没有填写评价。,-,-,2021-06-04
1689,t**5,,好评,此用户没有填写评价。,-,-,2021-05-29
1690,b**旭,,好评,此用户没有填写评价。,-,-,2021-06-23
1691,中**洋,,好评,此用户没有填写评价。,-,-,2021-06-17
1692,q**6,,好评,此用户没有填写评价。,-,-,2021-06-23
1693,杨**b,,好评,此用户没有填写评价。,-,-,2021-01-07
1694,我**3,,好评,此用户没有填写评价。,-,-,2021-04-05
1695,读**8,,好评,此用户没有填写评价。,-,-,2021-05-25
1696,微**1,,好评,此用户没有填写评价。,-,-,2021-06-12
1697,t**6,,好评,此用户没有填写评价。,-,-,2021-06-26
1698,t**6,,好评,此用户没有填写评价。,-,-,2021-06-26
1699,余**雨,,好评,此用户没有填写评价。,-,-,2021-04-27
1700,t**0,,好评,此用户没有填写评价。,-,-,2021-06-24
1701,a**8,,好评,此用户没有填写评价。,-,-,2021-06-18
1702,y**a,,好评,此用户没有填写评价。,-,-,2021-06-11
1703,t**2,,好评,此用户没有填写评价。,-,-,2021-06-25
1704,痞**求,,好评,此用户没有填写评价。,-,-,2021-06-16
1705,詹**9,,好评,此用户没有填写评价。,-,-,2021-06-17
1706,t**6,,好评,此用户没有填写评价。,-,-,2021-06-26
1707,t**5,,好评,此用户没有填写评价。,-,-,2021-06-19
1708,w**8,,好评,此用户没有填写评价。,-,-,2021-06-20
1709,m**9,,好评,此用户没有填写评价。,-,-,2021-06-20
1710,t**7,,好评,此用户没有填写评价。,-,-,2021-06-10
1711,t**2,,好评,此用户没有填写评价。,-,-,2021-06-01
1712,恶**华,,好评,此用户没有填写评价。,-,-,2021-06-19
1713,奇**佐,,好评,此用户没有填写评价。,-,-,2021-06-16
1714,心**鹿,,好评,此用户没有填写评价。,-,-,2021-05-29
1715,t**1,,好评,此用户没有填写评价。,-,-,2021-06-03
1716,t**6,,好评,此用户没有填写评价。,-,-,2021-06-26
1717,t**9,,好评,此用户没有填写评价。,-,-,2021-06-25
1718,老**了,,好评,此用户没有填写评价。,-,-,2021-06-13
1719,w**x,,好评,此用户没有填写评价。,-,-,2021-06-11
1720,y**8,,好评,此用户没有填写评价。,-,-,2021-06-14
1721,t**9,,好评,此用户没有填写评价。,-,-,2021-06-25
1722,t**3,,好评,此用户没有填写评价。,-,-,2021-06-24
1723,h**i,,好评,此用户没有填写评价。,-,-,2021-06-04
1724,t**3,,好评,此用户没有填写评价。,-,-,2021-06-24
1725,蔡**5,,好评,此用户没有填写评价。,-,-,2021-06-04
1726,残**殇,,好评,此用户没有填写评价。,-,-,2021-03-22
1727,b**e,,好评,此用户没有填写评价。,-,-,2021-06-17
1728,a**8,,好评,此用户没有填写评价。,-,-,2021-03-07
1729,t**1,,好评,此用户没有填写评价。,-,-,2021-03-17
1730,t**1,,好评,此用户没有填写评价。,-,-,2021-03-10
1731,不**下,,好评,此用户没有填写评价。,-,-,2021-01-24
1732,t**4,,好评,此用户没有填写评价。,-,-,2021-06-05
1733,t**4,,好评,此用户没有填写评价。,-,-,2021-05-22
1734,陈**华,,好评,此用户没有填写评价。,-,-,2021-04-13
1735,一**员,,好评,此用户没有填写评价。,-,-,2021-06-18
1736,b**n,,好评,此用户没有填写评价。,-,-,2021-01-07
1737,t**8,,好评,此用户没有填写评价。,-,-,2021-06-22
1738,一**e,,好评,此用户没有填写评价。,-,-,2021-06-14
1739,z**2,,好评,此用户没有填写评价。,-,-,2021-06-19
1740,t**7,,好评,此用户没有填写评价。,-,-,2021-03-18
1741,菇**啊,,好评,此用户没有填写评价。,-,-,2021-04-07
1742,偏**杨,,好评,此用户没有填写评价。,-,-,2021-03-29
1743,小**9,,好评,此用户没有填写评价。,-,-,2021-06-10
1744,t**6,,好评,此用户没有填写评价。,-,-,2021-06-26
1745,t**4,,好评,此用户没有填写评价。,-,-,2021-06-16
1746,金**5,,好评,此用户没有填写评价。,-,-,2021-05-17
1747,晴**包,,好评,此用户没有填写评价。,-,-,2021-01-26
1748,往**6,,好评,此用户没有填写评价。,-,-,2021-05-12
1749,事**味,,好评,此用户没有填写评价。,-,-,2021-06-06
1750,王**4,,好评,此用户没有填写评价。,-,-,2021-06-24
1751,t**6,,好评,此用户没有填写评价。,-,-,2021-06-26
1752,四**姬,,好评,此用户没有填写评价。,-,-,2021-06-10
1753,小**3,,好评,此用户没有填写评价。,-,-,2021-06-19
1754,忆**8,,好评,此用户没有填写评价。,-,-,2021-06-26
1755,大**0,,好评,此用户没有填写评价。,-,-,2021-06-05
1756,温**6,,好评,此用户没有填写评价。,-,-,2021-05-31
1757,严**平,,好评,此用户没有填写评价。,-,-,2021-04-27
1758,雨**鹰,,好评,此用户没有填写评价。,-,-,2021-05-14
1759,l**3,,好评,此用户没有填写评价。,-,-,2021-06-24
1760,李**2,,好评,此用户没有填写评价。,-,-,2021-06-18
1761,t**6,,好评,此用户没有填写评价。,-,-,2021-06-26
1762,风**1,,好评,此用户没有填写评价。,-,-,2021-03-27
1763,爱**翅,,好评,此用户没有填写评价。,-,-,2021-03-28
1764,浅**别,,好评,此用户没有填写评价。,-,-,2021-03-03
1765,t**5,,好评,此用户没有填写评价。,-,-,2021-06-24
1766,吖**哟,,好评,此用户没有填写评价。,-,-,2021-06-09
1767,r**6,,好评,此用户没有填写评价。,-,-,2021-06-20
1768,微**湖,,好评,此用户没有填写评价。,-,-,2021-06-22
1769,8**啊,,好评,此用户没有填写评价。,-,-,2021-06-14
1770,l**7,,好评,此用户没有填写评价。,-,-,2021-06-23
1771,t**2,,好评,此用户没有填写评价。,-,-,2021-04-08
1772,t**9,,好评,此用户没有填写评价。,-,-,2021-06-25
1773,t**9,,好评,此用户没有填写评价。,-,-,2021-06-25
1774,香**y,,好评,此用户没有填写评价。,-,-,2021-06-13
1775,t**1,,好评,此用户没有填写评价。,-,-,2021-04-25
1776,此**路,,好评,此用户没有填写评价。,-,-,2021-06-13
1777,t**6,,好评,此用户没有填写评价。,-,-,2021-06-26
1778,有**好,,好评,此用户没有填写评价。,-,-,2021-03-16
1779,s**7,,好评,此用户没有填写评价。,-,-,2021-03-09
1780,z**9,,好评,此用户没有填写评价。,-,-,2021-01-16
1781,l**9,,好评,此用户没有填写评价。,-,-,2021-03-07
1782,文**想,,好评,此用户没有填写评价。,-,-,2021-03-24
1783,n**2,,好评,此用户没有填写评价。,-,-,2021-04-12
1784,受**飞,,好评,此用户没有填写评价。,-,-,2021-06-24
1785,t**5,,好评,此用户没有填写评价。,-,-,2021-06-20
1786,t**3,,好评,此用户没有填写评价。,-,-,2021-06-24
1787,t**1,,好评,此用户没有填写评价。,-,-,2021-03-16
1788,t**5,,好评,此用户没有填写评价。,-,-,2021-04-23
1789,t**3,,好评,此用户没有填写评价。,-,-,2021-06-24
1790,r**9,,好评,此用户没有填写评价。,-,-,2021-06-08
1791,吴**5,,好评,此用户没有填写评价。,-,-,2021-05-17
1792,t**3,,好评,此用户没有填写评价。,-,-,2021-06-24
1793,梦**飞,,好评,此用户没有填写评价。,-,-,2021-06-07
1794,t**3,,好评,此用户没有填写评价。,-,-,2021-06-24
1795,年**谦,,好评,此用户没有填写评价。,-,-,2021-02-26
1796,t**6,,好评,此用户没有填写评价。,-,-,2021-06-26
1797,t**2,,好评,此用户没有填写评价。,-,-,2021-05-26
1798,z**8,,好评,此用户没有填写评价。,-,-,2021-04-10
1799,t**3,,好评,此用户没有填写评价。,-,-,2021-06-24
1800,t**6,,好评,此用户没有填写评价。,-,-,2021-06-26
1801,漓**生,,好评,此用户没有填写评价。,-,-,2021-06-09
1802,t**3,,好评,此用户没有填写评价。,-,-,2021-06-24
1803,t**7,,好评,此用户没有填写评价。,-,-,2021-06-26
1804,九**6,,好评,此用户没有填写评价。,-,-,2021-06-06
1805,g**n,,好评,此用户没有填写评价。,-,-,2021-06-03
1806,x**1,,好评,此用户没有填写评价。,-,-,2021-06-22
1807,x**3,,好评,此用户没有填写评价。,-,-,2021-05-12
1808,t**1,,好评,此用户没有填写评价。,-,-,2021-06-07
1809,j**1,,好评,此用户没有填写评价。,-,-,2021-06-21
1810,紫**翼,,好评,此用户没有填写评价。,-,-,2021-05-16
1811,9**玉,,好评,此用户没有填写评价。,-,-,2021-05-26
1812,蓝**8,,好评,此用户没有填写评价。,-,-,2021-06-22
1813,远**跑,,好评,此用户没有填写评价。,-,-,2021-06-11
1814,x**4,,好评,此用户没有填写评价。,-,-,2021-05-26
1815,w**1,,好评,此用户没有填写评价。,-,-,2021-06-05
1816,t**2,,好评,此用户没有填写评价。,-,-,2021-04-23
1817,g**9,,好评,此用户没有填写评价。,-,-,2021-04-27
1818,d**6,,好评,此用户没有填写评价。,-,-,2021-06-15
1819,李**欣,,好评,此用户没有填写评价。,-,-,2021-06-23
1820,z**0,,好评,此用户没有填写评价。,-,-,2021-05-26
1821,t**3,,好评,此用户没有填写评价。,-,-,2021-06-24
1822,陈**8,,好评,此用户没有填写评价。,-,-,2021-01-15
1823,夏**5,,好评,此用户没有填写评价。,-,-,2021-01-17
1824,x**p,,好评,此用户没有填写评价。,-,-,2021-05-10
1825,t**6,,好评,此用户没有填写评价。,-,-,2021-06-26
1826,m**j,,好评,此用户没有填写评价。,-,-,2021-05-22
1827,江**z,,好评,此用户没有填写评价。,-,-,2021-06-07
1828,t**4,,好评,此用户没有填写评价。,-,-,2021-03-10
1829,h**6,,好评,此用户没有填写评价。,-,-,2021-04-11
1830,张**2,,好评,此用户没有填写评价。,-,-,2021-06-23
1831,t**2,,好评,此用户没有填写评价。,-,-,2021-01-07
1832,y**9,,好评,此用户没有填写评价。,-,-,2021-06-23
1833,王**7,,好评,此用户没有填写评价。,-,-,2021-06-10
1834,侯**茜,,好评,此用户没有填写评价。,-,-,2021-04-20
1835,i**n,,好评,此用户没有填写评价。,-,-,2021-04-27
1836,z**f,,好评,此用户没有填写评价。,-,-,2021-04-16
1837,狂**哓,,好评,此用户没有填写评价。,-,-,2021-01-20
1838,雯**2,,好评,此用户没有填写评价。,-,-,2021-06-03
1839,夏**5,,好评,此用户没有填写评价。,-,-,2021-01-17
1840,食**店,,好评,此用户没有填写评价。,-,-,2021-05-20
1841,少**帅,,好评,此用户没有填写评价。,-,-,2021-05-24
1842,t**7,,好评,此用户没有填写评价。,-,-,2021-06-21
1843,b**r,,好评,此用户没有填写评价。,-,-,2021-06-23
1844,包**1,,好评,此用户没有填写评价。,-,-,2021-03-15
1845,我**6,,好评,此用户没有填写评价。,-,-,2021-05-31
1846,l**惠,,好评,此用户没有填写评价。,-,-,2021-05-29
1847,t**9,,好评,此用户没有填写评价。,-,-,2021-06-25
1848,k**8,,好评,此用户没有填写评价。,-,-,2021-06-15
1849,e**n,,好评,此用户没有填写评价。,-,-,2021-05-13
1850,不**s,,好评,此用户没有填写评价。,-,-,2021-06-13
1851,开**心,,好评,此用户没有填写评价。,-,-,2021-03-10
1852,y**5,,好评,此用户没有填写评价。,-,-,2021-01-23
1853,z**6,,好评,此用户没有填写评价。,-,-,2021-05-25
1854,有**醒,,好评,此用户没有填写评价。,-,-,2021-06-13
1855,像**野,,好评,此用户没有填写评价。,-,-,2021-06-19
1856,t**6,,好评,此用户没有填写评价。,-,-,2021-06-26
1857,l**w,,好评,此用户没有填写评价。,-,-,2021-03-07
1858,a**6,,好评,此用户没有填写评价。,-,-,2021-06-01
1859,t**0,,好评,此用户没有填写评价。,-,-,2021-06-24
1860,y**1,,好评,此用户没有填写评价。,-,-,2021-04-06
1861,q**2,,好评,此用户没有填写评价。,-,-,2021-06-20
1862,打**丨,,好评,此用户没有填写评价。,-,-,2021-05-26
1863,w**1,,好评,此用户没有填写评价。,-,-,2021-06-16
1864,追**全,,好评,此用户没有填写评价。,-,-,2021-05-06
1865,大**人,,好评,此用户没有填写评价。,-,-,2021-06-07
1866,t**4,,好评,此用户没有填写评价。,-,-,2021-06-17
1867,v**猫,,好评,此用户没有填写评价。,-,-,2021-05-31
1868,苏**雪,,好评,此用户没有填写评价。,-,-,2021-05-19
1869,l**1,,好评,此用户没有填写评价。,-,-,2021-06-24
1870,蓉**你,,好评,此用户没有填写评价。,-,-,2021-01-07
1871,婕**祥,,好评,此用户没有填写评价。,-,-,2021-06-07
1872,m**9,,好评,此用户没有填写评价。,-,-,2021-06-07
1873,t**2,,好评,此用户没有填写评价。,-,-,2021-05-31
1874,微**8,,好评,此用户没有填写评价。,-,-,2021-06-22
1875,笑**1,,好评,此用户没有填写评价。,-,-,2021-06-20
1876,d**8,,好评,此用户没有填写评价。,-,-,2021-05-29
1877,丿**丨,,好评,此用户没有填写评价。,-,-,2021-04-25
1878,佳**5,,好评,此用户没有填写评价。,-,-,2021-06-21
1879,t**1,,好评,此用户没有填写评价。,-,-,2021-05-26
1880,t**3,,好评,此用户没有填写评价。,-,-,2021-06-24
1881,我**9,,好评,此用户没有填写评价。,-,-,2021-05-08
1882,竺**明,,好评,此用户没有填写评价。,-,-,2021-06-12
1883,徐**丽,,好评,此用户没有填写评价。,-,-,2021-06-08
1884,t**0,,好评,此用户没有填写评价。,-,-,2021-06-24
1885,z**e,,好评,此用户没有填写评价。,-,-,2021-03-11
1886,a**8,,好评,此用户没有填写评价。,-,-,2021-05-28
1887,l**c,,好评,此用户没有填写评价。,-,-,2021-06-01
1888,l**j,,好评,此用户没有填写评价。,-,-,2021-06-21
1889,一**9,,好评,此用户没有填写评价。,-,-,2021-05-24
1890,m**7,,好评,此用户没有填写评价。,-,-,2021-06-18
1891,最**妍,,好评,此用户没有填写评价。,-,-,2021-05-28
1892,我**的,,好评,此用户没有填写评价。,-,-,2021-05-29
1893,w**哼,,好评,此用户没有填写评价。,-,-,2021-05-06
1894,l**0,,好评,此用户没有填写评价。,-,-,2021-06-23
1895,l**6,,好评,此用户没有填写评价。,-,-,2021-04-25
1896,习**l,,好评,此用户没有填写评价。,-,-,2021-05-09
1897,a**1,,好评,此用户没有填写评价。,-,-,2021-06-04
1898,安**9,,好评,此用户没有填写评价。,-,-,2021-01-09
1899,t**4,,好评,此用户没有填写评价。,-,-,2021-06-20
1900,仔**3,,好评,此用户没有填写评价。,-,-,2021-06-04
1901,t**2,,好评,此用户没有填写评价。,-,-,2021-06-17
1902,a**7,,好评,此用户没有填写评价。,-,-,2021-04-30
1903,w**5,,好评,此用户没有填写评价。,-,-,2021-06-25
1904,小**1,,好评,此用户没有填写评价。,-,-,2021-05-11
1905,郭**1,,好评,此用户没有填写评价。,-,-,2021-03-02
1906,a**z,,好评,此用户没有填写评价。,-,-,2021-06-20
1907,t**1,,好评,此用户没有填写评价。,-,-,2021-06-20
1908,l**8,,好评,此用户没有填写评价。,-,-,2021-05-17
1909,a**0,,好评,此用户没有填写评价。,-,-,2021-06-26
1910,c**2,,好评,此用户没有填写评价。,-,-,2021-06-16
1911,嘉**9,,好评,此用户没有填写评价。,-,-,2021-06-04
1912,t**7,,好评,此用户没有填写评价。,-,-,2021-06-01
1913,先**民,,好评,此用户没有填写评价。,-,-,2021-06-26
1914,h**夏,,好评,此用户没有填写评价。,-,-,2021-06-06
1915,大**5,,好评,此用户没有填写评价。,-,-,2021-05-30
1916,t**0,,好评,此用户没有填写评价。,-,-,2021-06-24
1917,k**鸟,,好评,此用户没有填写评价。,-,-,2021-04-09
1918,t**1,,好评,此用户没有填写评价。,-,-,2021-04-11
1919,y**n,,好评,此用户没有填写评价。,-,-,2021-06-25
1920,秋**苏,,好评,此用户没有填写评价。,-,-,2021-04-12
1921,宋**3,,好评,此用户没有填写评价。,-,-,2021-06-07
1922,o**o,,好评,此用户没有填写评价。,-,-,2021-05-11
1923,t**7,,好评,此用户没有填写评价。,-,-,2021-03-12
1924,t**7,,好评,此用户没有填写评价。,-,-,2021-06-20
1925,卡**4,,好评,此用户没有填写评价。,-,-,2021-01-17
1926,小**恋,,好评,此用户没有填写评价。,-,-,2021-06-09
1927,w**8,,好评,此用户没有填写评价。,-,-,2021-06-24
1928,c**i,,好评,此用户没有填写评价。,-,-,2021-06-15
1929,叫**人,,好评,此用户没有填写评价。,-,-,2021-05-28
1930,z**f,,好评,此用户没有填写评价。,-,-,2021-04-06
1931,快**贝,,好评,此用户没有填写评价。,-,-,2021-05-29
1932,青**5,,好评,此用户没有填写评价。,-,-,2021-05-17
1933,晴**9,,好评,此用户没有填写评价。,-,-,2021-05-06
1934,c**9,,好评,此用户没有填写评价。,-,-,2021-01-10
1935,诺**6,,好评,此用户没有填写评价。,-,-,2021-06-15
1936,t**4,,好评,此用户没有填写评价。,-,-,2021-05-02
1937,2**i,,好评,此用户没有填写评价。,-,-,2021-06-13
1938,郭**刷,,好评,此用户没有填写评价。,-,-,2021-06-24
1939,想**6,,好评,此用户没有填写评价。,-,-,2021-05-15
1940,w**9,,好评,此用户没有填写评价。,-,-,2021-06-20
1941,t**8,,好评,此用户没有填写评价。,-,-,2021-06-22
1942,毛**5,,好评,此用户没有填写评价。,-,-,2021-04-14
1943,k**8,,好评,此用户没有填写评价。,-,-,2021-06-15
1944,z**o,,好评,此用户没有填写评价。,-,-,2021-06-25
1945,m**0,,好评,此用户没有填写评价。,-,-,2021-06-20
1946,t**6,,好评,此用户没有填写评价。,-,-,2021-06-26
1947,白**宝,,好评,此用户没有填写评价。,-,-,2021-05-28
1948,t**5,,好评,此用户没有填写评价。,-,-,2021-05-29
1949,多**g,,好评,此用户没有填写评价。,-,-,2021-06-26
1950,迟**进,,好评,此用户没有填写评价。,-,-,2021-05-20
1951,x**梦,,好评,此用户没有填写评价。,-,-,2021-05-25
1952,蓉**你,,好评,此用户没有填写评价。,-,-,2021-02-12
1953,m**8,,好评,此用户没有填写评价。,-,-,2021-01-13
1954,t**1,,好评,此用户没有填写评价。,-,-,2021-02-01
1955,t**3,,好评,此用户没有填写评价。,-,-,2021-06-24
1956,你**啥,,好评,此用户没有填写评价。,-,-,2021-05-15
1957,韦**贞,,好评,此用户没有填写评价。,-,-,2021-04-01
1958,t**9,,好评,此用户没有填写评价。,-,-,2021-06-25
1959,q**r,,好评,此用户没有填写评价。,-,-,2021-06-22
1960,y**y,,好评,此用户没有填写评价。,-,-,2021-06-04
1961,浓**情,,好评,此用户没有填写评价。,-,-,2021-04-12
1962,贺**4,,好评,此用户没有填写评价。,-,-,2021-06-03
1963,t**1,,好评,此用户没有填写评价。,-,-,2021-06-11
1964,那**8,,好评,此用户没有填写评价。,-,-,2021-06-22
1965,小**儿,,好评,此用户没有填写评价。,-,-,2021-06-13
1966,m**y,,好评,此用户没有填写评价。,-,-,2021-05-24
1967,t**1,,好评,此用户没有填写评价。,-,-,2021-03-19
1968,璎**飞,,好评,此用户没有填写评价。,-,-,2021-06-05
1969,t**4,,好评,此用户没有填写评价。,-,-,2021-06-21
1970,①**。,,好评,此用户没有填写评价。,-,-,2021-03-11
1971,a**练,,好评,此用户没有填写评价。,-,-,2021-05-26
1972,亻**凉,,好评,此用户没有填写评价。,-,-,2021-06-24
1973,t**9,,好评,此用户没有填写评价。,-,-,2021-06-25
1974,悠**屋,,好评,此用户没有填写评价。,-,-,2021-06-19
1975,h**8,,好评,此用户没有填写评价。,-,-,2021-06-14
1976,哈**2,,好评,此用户没有填写评价。,-,-,2021-04-30
1977,f**0,,好评,此用户没有填写评价。,-,-,2021-06-10
1978,h**1,,好评,此用户没有填写评价。,-,-,2021-06-10
1979,郭**郭,,好评,此用户没有填写评价。,-,-,2021-06-05
1980,维**地,,好评,此用户没有填写评价。,-,-,2021-05-18
1981,t**7,,好评,此用户没有填写评价。,-,-,2021-06-14
1982,阿**e,,好评,此用户没有填写评价。,-,-,2021-06-21
1983,我**6,,好评,此用户没有填写评价。,-,-,2021-05-08
1984,t**7,,好评,此用户没有填写评价。,-,-,2021-06-17
1985,8**啊,,好评,此用户没有填写评价。,-,-,2021-05-20
1986,t**8,,好评,此用户没有填写评价。,-,-,2021-06-22
1987,朱**z,,好评,此用户没有填写评价。,-,-,2021-03-18
1988,t**2,,好评,此用户没有填写评价。,-,-,2021-05-27
1989,烟**6,,好评,此用户没有填写评价。,-,-,2021-06-22
1990,t**7,,好评,此用户没有填写评价。,-,-,2021-06-25
1991,g**4,,好评,此用户没有填写评价。,-,-,2021-04-17
1992,黄**桥,,好评,此用户没有填写评价。,-,-,2021-06-20
1993,p**4,,好评,此用户没有填写评价。,-,-,2021-06-24
1994,t**9,,好评,此用户没有填写评价。,-,-,2021-06-25
1995,殷**q,,好评,此用户没有填写评价。,-,-,2021-05-28
1996,只**8,,好评,此用户没有填写评价。,-,-,2021-06-20
1997,王**5,,好评,此用户没有填写评价。,-,-,2021-04-16
1998,回**跳,,好评,此用户没有填写评价。,-,-,2021-06-21
1999,雪**灵,,好评,此用户没有填写评价。,-,-,2021-06-25
2000,t**2,,好评,此用户没有填写评价。,-,-,2021-06-21
序号,评价用户,sku,评价类型,评价内容,追评,掌柜回评,评价时间
数据下载时间：2021-07-01 13:41:30 功能：看店宝【https://kandianbao.com/】 宝贝评价信息分析 相关查询网址：https://kandianbao.com/item/pingjia/44882239796/,,,,,,,